agency_cd,site_no,measurement_nu,measurement_dt,tz_cd,q_meas_used_fg,party_nm,site_visit_coll_agency_cd,gage_height_va,discharge_va,measured_rating_diff,gage_va_change,gage_va_time,control_type_cd,discharge_cd,chan_nu,chan_name,meas_type,streamflow_method,velocity_method,chan_discharge,chan_width,chan_area,chan_velocity,chan_stability,chan_material,chan_evenness,long_vel_desc,horz_vel_desc,vert_vel_desc,chan_loc_cd,chan_loc_dist
5s,15s,6s,19d,12s,1s,12s,5s,12s,12s,12s,7s,6s,21s,15s,11n,64s,4s,5s,5s,14s,14s,14s,14s,4s,4s,4s,12s,9s,12s,7s,14s
USGS,11455315,1,2011-01-20 07:38:00,PST,Yes,YES,USGS,,11300,Unspecified,,,,NONE,1,Imported Channel 1,UNSP,QADCP,VADCP,11300,672,17500,1.04,UNSP,UNSP,UNSP,unkn,UNSP,UNSP,UNSP,
USGS,11455315,2,2011-01-20 07:45:00,PST,Yes,YES,USGS,,11000,Unspecified,,,,NONE,1,Imported Channel 1,UNSP,QADCP,VADCP,11000,659,17100,0.93,UNSP,UNSP,UNSP,unkn,UNSP,UNSP,UNSP,
USGS,11455315,3,2011-01-20 07:57:00,PST,Yes,YES,USGS,,10100,Unspecified,,,,NONE,1,Imported Channel 1,UNSP,QADCP,VADCP,10100,545,5760,1.89,UNSP,UNSP,UNSP,unkn,UNSP,UNSP,UNSP,
USGS,11455315,4,2011-01-20 08:05:00,PST,Yes,YES,USGS,,10900,Unspecified,,,,NONE,1,Imported Channel 1,UNSP,QADCP,VADCP,10900,689,16800,0.98,UNSP,UNSP,UNSP,unkn,UNSP,UNSP,UNSP,
USGS,11455315,5,2011-01-20 08:12:00,PST,Yes,YES,USGS,,10500,Unspecified,,,,NONE,1,Imported Channel 1,UNSP,QADCP,VADCP,10500,680,16400,1.04,UNSP,UNSP,UNSP,unkn,UNSP,UNSP,UNSP,
USGS,11455315,6,2011-01-20 08:26:00,PST,Yes,YES,USGS,,10400,Unspecified,,,,NONE,1,Imported Channel 1,UNSP,QADCP,VADCP,10400,443,6750,1.71,UNSP,UNSP,UNSP,unkn,UNSP,UNSP,UNSP,
USGS,11455315,7,2011-01-20 08:56:00,PST,Yes,YES,USGS,,10800,Unspecified,,,,NONE,1,Imported Channel 1,UNSP,QADCP,VADCP,10800,679,16200,0.99,UNSP,UNSP,UNSP,unkn,UNSP,UNSP,UNSP,
USGS,11455315,8,2011-01-20 09:01:00,PST,Yes,YES,USGS,,10000,Unspecified,,,,NONE,1,Imported Channel 1,UNSP,QADCP,VADCP,10000,687,15800,0.89,UNSP,UNSP,UNSP,unkn,UNSP,UNSP,UNSP,
USGS,11455315,9,2011-01-20 09:12:00,PST,Yes,YES,USGS,,9020,Unspecified,,,,NONE,1,Imported Channel 1,UNSP,QADCP,VADCP,9020,570,5150,2.03,UNSP,UNSP,UNSP,unkn,UNSP,UNSP,UNSP,
USGS,11455315,10,2011-01-20 09:19:00,PST,Yes,YES,USGS,,9410,Unspecified,,,,NONE,1,Imported Channel 1,UNSP,QADCP,VADCP,9410,656,16200,0.76,UNSP,UNSP,UNSP,unkn,UNSP,UNSP,UNSP,
USGS,11455315,11,2011-01-20 09:25:00,PST,Yes,YES,USGS,,9030,Unspecified,,,,NONE,1,Imported Channel 1,UNSP,QADCP,VADCP,9030,679,16100,0.89,UNSP,UNSP,UNSP,unkn,UNSP,UNSP,UNSP,
USGS,11455315,12,2011-01-20 09:51:00,PST,Yes,YES,USGS,,8460,Unspecified,,,,NONE,1,Imported Channel 1,UNSP,QADCP,VADCP,8460,680,15900,0.85,UNSP,UNSP,UNSP,unkn,UNSP,UNSP,UNSP,
USGS,11455315,13,2011-01-20 09:57:00,PST,Yes,YES,USGS,,7150,Unspecified,,,,NONE,1,Imported Channel 1,UNSP,QADCP,VADCP,7150,677,15600,0.72,UNSP,UNSP,UNSP,unkn,UNSP,UNSP,UNSP,
USGS,11455315,15,2011-01-20 10:23:00,PST,Yes,YES,USGS,,5770,Unspecified,,,,NONE,1,Imported Channel 1,UNSP,QADCP,VADCP,5770,642,15800,0.51,UNSP,UNSP,UNSP,unkn,UNSP,UNSP,UNSP,
USGS,11455315,16,2011-01-20 10:29:00,PST,Yes,YES,USGS,,5300,Unspecified,,,,NONE,1,Imported Channel 1,UNSP,QADCP,VADCP,5300,679,15800,0.54,UNSP,UNSP,UNSP,unkn,UNSP,UNSP,UNSP,
USGS,11455315,17,2011-01-20 10:53:00,PST,Yes,YES,USGS,,3350,Unspecified,,,,NONE,1,Imported Channel 1,UNSP,QADCP,VADCP,3350,559,5450,0.65,UNSP,UNSP,UNSP,unkn,UNSP,UNSP,UNSP,
USGS,11455315,18,2011-01-20 11:03:00,PST,Yes,YES,USGS,,1260,Unspecified,,,,NONE,1,Imported Channel 1,UNSP,QADCP,VADCP,1260,674,15700,0.26,UNSP,UNSP,UNSP,unkn,UNSP,UNSP,UNSP,
USGS,11455315,19,2011-01-20 11:10:00,PST,Yes,YES,USGS,,243,Unspecified,,,,NONE,1,Imported Channel 1,UNSP,QADCP,VADCP,243,685,16000,0.14,UNSP,UNSP,UNSP,unkn,UNSP,UNSP,UNSP,
USGS,11455315,20,2011-01-20 11:22:00,PST,Yes,YES,USGS,,-1790,Unspecified,,,,NONE,1,Imported Channel 1,UNSP,QADCP,VADCP,-1790,561,5450,-0.37,UNSP,UNSP,UNSP,unkn,UNSP,UNSP,UNSP,
USGS,11455315,21,2011-01-20 11:29:00,PST,Yes,YES,USGS,,-4980,Unspecified,,,,NONE,1,Imported Channel 1,UNSP,QADCP,VADCP,-4980,699,15600,-0.47,UNSP,UNSP,UNSP,unkn,UNSP,UNSP,UNSP,
USGS,11455315,22,2011-01-20 11:38:00,PST,Yes,YES,USGS,,-7340,Unspecified,,,,NONE,1,Imported Channel 1,UNSP,QADCP,VADCP,-7340,680,15800,-0.65,UNSP,UNSP,UNSP,unkn,UNSP,UNSP,UNSP,
USGS,11455315,23,2011-01-20 11:55:00,PST,Yes,YES,USGS,,-10700,Unspecified,,,,NONE,1,Imported Channel 1,UNSP,QADCP,VADCP,-10700,686,15900,-1.00,UNSP,UNSP,UNSP,unkn,UNSP,UNSP,UNSP,
USGS,11455315,24,2011-01-20 12:03:00,PST,Yes,YES,USGS,,-10900,Unspecified,,,,NONE,1,Imported Channel 1,UNSP,QADCP,VADCP,-10900,675,15900,-1.01,UNSP,UNSP,UNSP,unkn,UNSP,UNSP,UNSP,
USGS,11455315,25,2011-01-20 12:11:00,PST,Yes,YES,USGS,,-12000,Unspecified,,,,NONE,1,Imported Channel 1,UNSP,QADCP,VADCP,-12000,574,6330,-2.01,UNSP,UNSP,UNSP,unkn,UNSP,UNSP,UNSP,
USGS,11455315,26,2011-01-20 12:17:00,PST,Yes,YES,USGS,,-10800,Unspecified,,,,NONE,1,Imported Channel 1,UNSP,QADCP,VADCP,-10800,681,15700,-1.14,UNSP,UNSP,UNSP,unkn,UNSP,UNSP,UNSP,
USGS,11455315,27,2011-01-20 12:25:00,PST,Yes,YES,USGS,,-11800,Unspecified,,,,NONE,1,Imported Channel 1,UNSP,QADCP,VADCP,-11800,679,15900,-1.16,UNSP,UNSP,UNSP,unkn,UNSP,UNSP,UNSP,
USGS,11455315,28,2011-01-20 12:54:00,PST,Yes,YES,USGS,,-14800,Unspecified,,,,NONE,1,Imported Channel 1,UNSP,QADCP,VADCP,-14800,571,5800,-2.75,UNSP,UNSP,UNSP,unkn,UNSP,UNSP,UNSP,
USGS,11455315,29,2011-01-20 12:59:00,PST,Yes,YES,USGS,,-12200,Unspecified,,,,NONE,1,Imported Channel 1,UNSP,QADCP,VADCP,-12200,678,16000,-1.40,UNSP,UNSP,UNSP,unkn,UNSP,UNSP,UNSP,
USGS,11455315,30,2011-01-20 13:07:00,PST,Yes,YES,USGS,,-14900,Unspecified,,,,NONE,1,Imported Channel 1,UNSP,QADCP,VADCP,-14900,680,16500,-1.60,UNSP,UNSP,UNSP,unkn,UNSP,UNSP,UNSP,
USGS,11455315,31,2011-01-20 13:28:00,PST,Yes,YES,USGS,,-15900,Unspecified,,,,NONE,1,Imported Channel 1,UNSP,QADCP,VADCP,-15900,566,5830,-2.89,UNSP,UNSP,UNSP,unkn,UNSP,UNSP,UNSP,
USGS,11455315,32,2011-01-20 13:33:00,PST,Yes,YES,USGS,,-14500,Unspecified,,,,NONE,1,Imported Channel 1,UNSP,QADCP,VADCP,-14500,687,16800,-1.52,UNSP,UNSP,UNSP,unkn,UNSP,UNSP,UNSP,
USGS,11455315,33,2011-01-20 13:40:00,PST,Yes,YES,USGS,,-13300,Unspecified,,,,NONE,1,Imported Channel 1,UNSP,QADCP,VADCP,-13300,680,16700,-1.32,UNSP,UNSP,UNSP,unkn,UNSP,UNSP,UNSP,
USGS,11455315,34,2011-01-20 13:59:00,PST,Yes,YES,USGS,,-16200,Unspecified,,,,NONE,1,Imported Channel 1,UNSP,QADCP,VADCP,-16200,571,6220,-2.74,UNSP,UNSP,UNSP,unkn,UNSP,UNSP,UNSP,
USGS,11455315,35,2011-01-20 14:06:00,PST,Yes,YES,USGS,,-15500,Unspecified,,,,NONE,1,Imported Channel 1,UNSP,QADCP,VADCP,-15500,683,17200,-1.59,UNSP,UNSP,UNSP,unkn,UNSP,UNSP,UNSP,
USGS,11455315,36,2011-01-20 14:13:00,PST,Yes,YES,USGS,,-16000,Unspecified,,,,NONE,1,Imported Channel 1,UNSP,QADCP,VADCP,-16000,680,17100,-1.38,UNSP,UNSP,UNSP,unkn,UNSP,UNSP,UNSP,
USGS,11455315,37,2011-01-20 14:38:00,PST,Yes,YES,USGS,,-14500,Unspecified,,,,NONE,1,Imported Channel 1,UNSP,QADCP,VADCP,-14500,575,6210,-2.49,UNSP,UNSP,UNSP,unkn,UNSP,UNSP,UNSP,
USGS,11455315,38,2011-01-20 14:43:00,PST,Yes,YES,USGS,,-13300,Unspecified,,,,NONE,1,Imported Channel 1,UNSP,QADCP,VADCP,-13300,687,17200,-1.40,UNSP,UNSP,UNSP,unkn,UNSP,UNSP,UNSP,
USGS,11455315,39,2011-01-20 14:51:00,PST,Yes,YES,USGS,,-16500,Unspecified,,,,NONE,1,Imported Channel 1,UNSP,QADCP,VADCP,-16500,682,17400,-1.39,UNSP,UNSP,UNSP,unkn,UNSP,UNSP,UNSP,
USGS,11455315,40,2011-01-20 15:33:00,PST,Yes,YES,USGS,,-11900,Unspecified,,,,NONE,1,Imported Channel 1,UNSP,QADCP,VADCP,-11900,574,6790,-1.94,UNSP,UNSP,UNSP,unkn,UNSP,UNSP,UNSP,
USGS,11455315,41,2011-01-20 15:40:00,PST,Yes,YES,USGS,,-10000,Unspecified,,,,NONE,1,Imported Channel 1,UNSP,QADCP,VADCP,-10000,685,17300,-1.24,UNSP,UNSP,UNSP,unkn,UNSP,UNSP,UNSP,
USGS,11455315,42,2011-01-20 15:47:00,PST,Yes,YES,USGS,,-13000,Unspecified,,,,NONE,1,Imported Channel 1,UNSP,QADCP,VADCP,-13000,683,17800,-1.22,UNSP,UNSP,UNSP,unkn,UNSP,UNSP,UNSP,
USGS,11455315,43,2011-01-20 16:10:00,PST,Yes,YES,USGS,,-8950,Unspecified,,,,NONE,1,Imported Channel 1,UNSP,QADCP,VADCP,-8950,565,6990,-1.37,UNSP,UNSP,UNSP,unkn,UNSP,UNSP,UNSP,
USGS,11455315,44,2011-01-20 16:15:00,PST,Yes,YES,USGS,,-7650,Unspecified,,,,NONE,1,Imported Channel 1,UNSP,QADCP,VADCP,-7650,687,17600,-0.85,UNSP,UNSP,UNSP,unkn,UNSP,UNSP,UNSP,
USGS,11455315,45,2011-01-20 16:23:00,PST,Yes,YES,USGS,,-8210,Unspecified,,,,NONE,1,Imported Channel 1,UNSP,QADCP,VADCP,-8210,683,17600,-0.81,UNSP,UNSP,UNSP,unkn,UNSP,UNSP,UNSP,
USGS,11455315,46,2011-01-20 16:56:00,PST,Yes,YES,USGS,,-861,Unspecified,,,,NONE,1,Imported Channel 1,UNSP,QADCP,VADCP,-861,578,6380,-0.24,UNSP,UNSP,UNSP,unkn,UNSP,UNSP,UNSP,
USGS,11455315,47,2011-01-20 17:03:00,PST,Yes,YES,USGS,,2900,Unspecified,,,,NONE,1,Imported Channel 1,UNSP,QADCP,VADCP,2900,678,18300,0.35,UNSP,UNSP,UNSP,unkn,UNSP,UNSP,UNSP,
USGS,11455315,48,2011-01-20 17:09:00,PST,Yes,YES,USGS,,4410,Unspecified,,,,NONE,1,Imported Channel 1,UNSP,QADCP,VADCP,4410,684,17800,0.28,UNSP,UNSP,UNSP,unkn,UNSP,UNSP,UNSP,
USGS,11455315,49,2011-12-08 06:52:00,PST,Yes,YES,USGS,,8220,Unspecified,,,,NONE,1,Imported Channel 1,UNSP,QADCP,VADCP,8220,510,8500,1.03,UNSP,UNSP,UNSP,unkn,UNSP,UNSP,UNSP,
USGS,11455315,50,2011-12-08 06:58:00,PST,Yes,YES,USGS,,9090,Unspecified,,,,NONE,1,Imported Channel 1,UNSP,QADCP,VADCP,9090,589,6490,1.55,UNSP,UNSP,UNSP,unkn,UNSP,UNSP,UNSP,
USGS,11455315,51,2011-12-08 07:06:00,PST,Yes,YES,USGS,,9420,Unspecified,,,,NONE,1,Imported Channel 1,UNSP,QADCP,VADCP,9420,601,7090,1.46,UNSP,UNSP,UNSP,unkn,UNSP,UNSP,UNSP,
USGS,11455315,52,2011-12-08 07:16:00,PST,Yes,YES,USGS,,8940,Unspecified,,,,NONE,1,Imported Channel 1,UNSP,QADCP,VADCP,8940,598,6900,1.44,UNSP,UNSP,UNSP,unkn,UNSP,UNSP,UNSP,
USGS,11455315,53,2011-12-08 07:23:00,PST,Yes,YES,USGS,,8510,Unspecified,,,,NONE,1,Imported Channel 1,UNSP,QADCP,VADCP,8510,577,7400,1.31,UNSP,UNSP,UNSP,unkn,UNSP,UNSP,UNSP,
USGS,11455315,54,2011-12-08 07:58:00,PST,Yes,YES,USGS,,5780,Unspecified,,,,NONE,1,Imported Channel 1,UNSP,QADCP,VADCP,5780,555,5210,1.12,UNSP,UNSP,UNSP,unkn,UNSP,UNSP,UNSP,
USGS,11455315,55,2011-12-08 08:11:00,PST,Yes,YES,USGS,,5810,Unspecified,,,,NONE,1,Imported Channel 1,UNSP,QADCP,VADCP,5810,566,6470,0.91,UNSP,UNSP,UNSP,unkn,UNSP,UNSP,UNSP,
USGS,11455315,56,2011-12-08 08:18:00,PST,Yes,YES,USGS,,5150,Unspecified,,,,NONE,1,Imported Channel 1,UNSP,QADCP,VADCP,5150,569,6580,0.87,UNSP,UNSP,UNSP,unkn,UNSP,UNSP,UNSP,
USGS,11455315,57,2011-12-08 08:27:00,PST,Yes,YES,USGS,,4260,Unspecified,,,,NONE,1,Imported Channel 1,UNSP,QADCP,VADCP,4260,562,5910,0.77,UNSP,UNSP,UNSP,unkn,UNSP,UNSP,UNSP,
USGS,11455315,58,2011-12-08 08:36:00,PST,Yes,YES,USGS,,3080,Unspecified,,,,NONE,1,Imported Channel 1,UNSP,QADCP,VADCP,3080,560,5680,0.57,UNSP,UNSP,UNSP,unkn,UNSP,UNSP,UNSP,
USGS,11455315,59,2011-12-08 08:42:00,PST,Yes,YES,USGS,,2310,Unspecified,,,,NONE,1,Imported Channel 1,UNSP,QADCP,VADCP,2310,555,4930,0.50,UNSP,UNSP,UNSP,unkn,UNSP,UNSP,UNSP,
USGS,11455315,60,2011-12-08 08:50:00,PST,Yes,YES,USGS,,1100,Unspecified,,,,NONE,1,Imported Channel 1,UNSP,QADCP,VADCP,1100,562,5000,0.25,UNSP,UNSP,UNSP,unkn,UNSP,UNSP,UNSP,
USGS,11455315,61,2011-12-08 08:59:00,PST,Yes,YES,USGS,,-439,Unspecified,,,,NONE,1,Imported Channel 1,UNSP,QADCP,VADCP,-439,555,5600,-0.08,UNSP,UNSP,UNSP,unkn,UNSP,UNSP,UNSP,
USGS,11455315,62,2011-12-08 09:10:00,PST,Yes,YES,USGS,,-2480,Unspecified,,,,NONE,1,Imported Channel 1,UNSP,QADCP,VADCP,-2480,623,4920,-0.59,UNSP,UNSP,UNSP,unkn,UNSP,UNSP,UNSP,
USGS,11455315,63,2011-12-08 09:20:00,PST,Yes,YES,USGS,,-4130,Unspecified,,,,NONE,1,Imported Channel 1,UNSP,QADCP,VADCP,-4130,569,5470,-0.83,UNSP,UNSP,UNSP,unkn,UNSP,UNSP,UNSP,
USGS,11455315,64,2011-12-08 09:30:00,PST,Yes,YES,USGS,,-6040,Unspecified,,,,NONE,1,Imported Channel 1,UNSP,QADCP,VADCP,-6040,580,6800,-0.90,UNSP,UNSP,UNSP,unkn,UNSP,UNSP,UNSP,
USGS,11455315,65,2011-12-08 09:36:00,PST,Yes,YES,USGS,,-7130,Unspecified,,,,NONE,1,Imported Channel 1,UNSP,QADCP,VADCP,-7130,582,6200,-1.25,UNSP,UNSP,UNSP,unkn,UNSP,UNSP,UNSP,
USGS,11455315,66,2011-12-08 09:46:00,PST,Yes,YES,USGS,,-8590,Unspecified,,,,NONE,1,Imported Channel 1,UNSP,QADCP,VADCP,-8590,581,6100,-1.38,UNSP,UNSP,UNSP,unkn,UNSP,UNSP,UNSP,
USGS,11455315,67,2011-12-08 09:53:00,PST,Yes,YES,USGS,,-8850,Unspecified,,,,NONE,1,Imported Channel 1,UNSP,QADCP,VADCP,-8850,567,5440,-1.56,UNSP,UNSP,UNSP,unkn,UNSP,UNSP,UNSP,
USGS,11455315,68,2011-12-08 10:03:00,PST,Yes,YES,USGS,,-10500,Unspecified,,,,NONE,1,Imported Channel 1,UNSP,QADCP,VADCP,-10500,579,6230,-1.83,UNSP,UNSP,UNSP,unkn,UNSP,UNSP,UNSP,
USGS,11455315,69,2011-12-08 10:10:00,PST,Yes,YES,USGS,,-9880,Unspecified,,,,NONE,1,Imported Channel 1,UNSP,QADCP,VADCP,-9880,590,5330,-1.81,UNSP,UNSP,UNSP,unkn,UNSP,UNSP,UNSP,
USGS,11455315,70,2011-12-08 10:17:00,PST,Yes,YES,USGS,,-10500,Unspecified,,,,NONE,1,Imported Channel 1,UNSP,QADCP,VADCP,-10500,628,5410,-2.03,UNSP,UNSP,UNSP,unkn,UNSP,UNSP,UNSP,
USGS,11455315,71,2011-12-08 10:25:00,PST,Yes,YES,USGS,,-11400,Unspecified,,,,NONE,1,Imported Channel 1,UNSP,QADCP,VADCP,-11400,588,6050,-2.03,UNSP,UNSP,UNSP,unkn,UNSP,UNSP,UNSP,
USGS,11455315,72,2011-12-08 10:33:00,PST,Yes,YES,USGS,,-11700,Unspecified,,,,NONE,1,Imported Channel 1,UNSP,QADCP,VADCP,-11700,586,6880,-1.85,UNSP,UNSP,UNSP,unkn,UNSP,UNSP,UNSP,
USGS,11455315,73,2011-12-08 10:40:00,PST,Yes,YES,USGS,,-11000,Unspecified,,,,NONE,1,Imported Channel 1,UNSP,QADCP,VADCP,-11000,587,6320,-1.89,UNSP,UNSP,UNSP,unkn,UNSP,UNSP,UNSP,
USGS,11455315,74,2011-12-08 10:51:00,PST,Yes,YES,USGS,,-12100,Unspecified,,,,NONE,1,Imported Channel 1,UNSP,QADCP,VADCP,-12100,587,6710,-2.03,UNSP,UNSP,UNSP,unkn,UNSP,UNSP,UNSP,
USGS,11455315,75,2011-12-08 10:57:00,PST,Yes,YES,USGS,,-12000,Unspecified,,,,NONE,1,Imported Channel 1,UNSP,QADCP,VADCP,-12000,583,5610,-2.29,UNSP,UNSP,UNSP,unkn,UNSP,UNSP,UNSP,
USGS,11455315,76,2011-12-08 11:26:00,PST,Yes,YES,USGS,,-12700,Unspecified,,,,NONE,1,Imported Channel 1,UNSP,QADCP,VADCP,-12700,593,6170,-2.13,UNSP,UNSP,UNSP,unkn,UNSP,UNSP,UNSP,
USGS,11455315,77,2011-12-08 11:33:00,PST,Yes,YES,USGS,,-13100,Unspecified,,,,NONE,1,Imported Channel 1,UNSP,QADCP,VADCP,-13100,571,5900,-2.22,UNSP,UNSP,UNSP,unkn,UNSP,UNSP,UNSP,
USGS,11455315,78,2011-12-08 11:42:00,PST,Yes,YES,USGS,,-14200,Unspecified,,,,NONE,1,Imported Channel 1,UNSP,QADCP,VADCP,-14200,596,6640,-2.22,UNSP,UNSP,UNSP,unkn,UNSP,UNSP,UNSP,
USGS,11455315,79,2011-12-08 11:49:00,PST,Yes,YES,USGS,,-13100,Unspecified,,,,NONE,1,Imported Channel 1,UNSP,QADCP,VADCP,-13100,607,5930,-2.32,UNSP,UNSP,UNSP,unkn,UNSP,UNSP,UNSP,
USGS,11455315,80,2011-12-08 11:57:00,PST,Yes,YES,USGS,,-13700,Unspecified,,,,NONE,1,Imported Channel 1,UNSP,QADCP,VADCP,-13700,580,6330,-2.27,UNSP,UNSP,UNSP,unkn,UNSP,UNSP,UNSP,
USGS,11455315,81,2011-12-08 12:04:00,PST,Yes,YES,USGS,,-13400,Unspecified,,,,NONE,1,Imported Channel 1,UNSP,QADCP,VADCP,-13400,604,7140,-2.04,UNSP,UNSP,UNSP,unkn,UNSP,UNSP,UNSP,
USGS,11455315,82,2011-12-08 12:34:00,PST,Yes,YES,USGS,,-12500,Unspecified,,,,NONE,1,Imported Channel 1,UNSP,QADCP,VADCP,-12500,607,6980,-1.93,UNSP,UNSP,UNSP,unkn,UNSP,UNSP,UNSP,
USGS,11455315,83,2011-12-08 12:47:00,PST,Yes,YES,USGS,,-12400,Unspecified,,,,NONE,1,Imported Channel 1,UNSP,QADCP,VADCP,-12400,602,7560,-1.69,UNSP,UNSP,UNSP,unkn,UNSP,UNSP,UNSP,
USGS,11455315,84,2011-12-08 13:01:00,PST,Yes,YES,USGS,,-12400,Unspecified,,,,NONE,1,Imported Channel 1,UNSP,QADCP,VADCP,-12400,603,7470,-1.74,UNSP,UNSP,UNSP,unkn,UNSP,UNSP,UNSP,
USGS,11455315,85,2011-12-08 13:09:00,PST,Yes,YES,USGS,,-11600,Unspecified,,,,NONE,1,Imported Channel 1,UNSP,QADCP,VADCP,-11600,589,6560,-1.73,UNSP,UNSP,UNSP,unkn,UNSP,UNSP,UNSP,
USGS,11455315,86,2011-12-08 13:35:00,PST,Yes,YES,USGS,,-11500,Unspecified,,,,NONE,1,Imported Channel 1,UNSP,QADCP,VADCP,-11500,646,7190,-1.53,UNSP,UNSP,UNSP,unkn,UNSP,UNSP,UNSP,
USGS,11455315,87,2011-12-08 13:47:00,PST,Yes,YES,USGS,,-10700,Unspecified,,,,NONE,1,Imported Channel 1,UNSP,QADCP,VADCP,-10700,656,7610,-1.39,UNSP,UNSP,UNSP,unkn,UNSP,UNSP,UNSP,
USGS,11455315,88,2011-12-08 13:57:00,PST,Yes,YES,USGS,,-10000,Unspecified,,,,NONE,1,Imported Channel 1,UNSP,QADCP,VADCP,-10000,661,7190,-1.42,UNSP,UNSP,UNSP,unkn,UNSP,UNSP,UNSP,
USGS,11455315,89,2011-12-08 14:06:00,PST,Yes,YES,USGS,,-9170,Unspecified,,,,NONE,1,Imported Channel 1,UNSP,QADCP,VADCP,-9170,658,7000,-1.30,UNSP,UNSP,UNSP,unkn,UNSP,UNSP,UNSP,
USGS,11455315,90,2011-12-08 14:15:00,PST,Yes,YES,USGS,,-8340,Unspecified,,,,NONE,1,Imported Channel 1,UNSP,QADCP,VADCP,-8340,650,6870,-1.20,UNSP,UNSP,UNSP,unkn,UNSP,UNSP,UNSP,
USGS,11455315,91,2011-12-08 14:26:00,PST,Yes,YES,USGS,,-6820,Unspecified,,,,NONE,1,Imported Channel 1,UNSP,QADCP,VADCP,-6820,641,6860,-0.96,UNSP,UNSP,UNSP,unkn,UNSP,UNSP,UNSP,
USGS,11455315,92,2011-12-08 14:36:00,PST,Yes,YES,USGS,,-5550,Unspecified,,,,NONE,1,Imported Channel 1,UNSP,QADCP,VADCP,-5550,644,6890,-0.84,UNSP,UNSP,UNSP,unkn,UNSP,UNSP,UNSP,
USGS,11455315,93,2011-12-08 14:46:00,PST,Yes,YES,USGS,,-3590,Unspecified,,,,NONE,1,Imported Channel 1,UNSP,QADCP,VADCP,-3590,608,6480,-0.58,UNSP,UNSP,UNSP,unkn,UNSP,UNSP,UNSP,
USGS,11455315,94,2011-12-08 14:56:00,PST,Yes,YES,USGS,,-1460,Unspecified,,,,NONE,1,Imported Channel 1,UNSP,QADCP,VADCP,-1460,621,8220,-0.23,UNSP,UNSP,UNSP,unkn,UNSP,UNSP,UNSP,
USGS,11455315,95,2011-12-08 15:05:00,PST,Yes,YES,USGS,,921,Unspecified,,,,NONE,1,Imported Channel 1,UNSP,QADCP,VADCP,921,605,6730,0.16,UNSP,UNSP,UNSP,unkn,UNSP,UNSP,UNSP,
USGS,11455315,96,2011-12-08 15:13:00,PST,Yes,YES,USGS,,3590,Unspecified,,,,NONE,1,Imported Channel 1,UNSP,QADCP,VADCP,3590,600,7070,0.58,UNSP,UNSP,UNSP,unkn,UNSP,UNSP,UNSP,
USGS,11455315,97,2011-12-08 15:23:00,PST,Yes,YES,USGS,,5870,Unspecified,,,,NONE,1,Imported Channel 1,UNSP,QADCP,VADCP,5870,602,8300,0.80,UNSP,UNSP,UNSP,unkn,UNSP,UNSP,UNSP,
USGS,11455315,98,2011-12-08 15:30:00,PST,Yes,YES,USGS,,7150,Unspecified,,,,NONE,1,Imported Channel 1,UNSP,QADCP,VADCP,7150,600,7310,1.15,UNSP,UNSP,UNSP,unkn,UNSP,UNSP,UNSP,
USGS,11455315,99,2011-12-08 15:38:00,PST,Yes,YES,USGS,,8790,Unspecified,,,,NONE,1,Imported Channel 1,UNSP,QADCP,VADCP,8790,596,9280,1.09,UNSP,UNSP,UNSP,unkn,UNSP,UNSP,UNSP,
USGS,11455315,100,2011-12-08 15:45:00,PST,Yes,YES,USGS,,9140,Unspecified,,,,NONE,1,Imported Channel 1,UNSP,QADCP,VADCP,9140,609,7770,1.36,UNSP,UNSP,UNSP,unkn,UNSP,UNSP,UNSP,
USGS,11455315,101,2011-12-08 15:54:00,PST,Yes,YES,USGS,,10300,Unspecified,,,,NONE,1,Imported Channel 1,UNSP,QADCP,VADCP,10300,596,9790,1.36,UNSP,UNSP,UNSP,unkn,UNSP,UNSP,UNSP,
USGS,11455315,102,2011-12-08 16:03:00,PST,Yes,YES,USGS,,10700,Unspecified,,,,NONE,1,Imported Channel 1,UNSP,QADCP,VADCP,10700,597,7200,1.62,UNSP,UNSP,UNSP,unkn,UNSP,UNSP,UNSP,
USGS,11455315,103,2011-12-08 16:11:00,PST,Yes,YES,USGS,,11700,Unspecified,,,,NONE,1,Imported Channel 1,UNSP,QADCP,VADCP,11700,596,9260,1.51,UNSP,UNSP,UNSP,unkn,UNSP,UNSP,UNSP,
USGS,11455315,104,2011-12-08 16:50:00,PST,Yes,YES,USGS,,12900,Unspecified,,,,NONE,1,Imported Channel 1,UNSP,QADCP,VADCP,12900,595,9150,1.66,UNSP,UNSP,UNSP,unkn,UNSP,UNSP,UNSP,
USGS,11455315,105,2011-12-08 16:57:00,PST,Yes,YES,USGS,,13200,Unspecified,,,,NONE,1,Imported Channel 1,UNSP,QADCP,VADCP,13200,587,8850,1.76,UNSP,UNSP,UNSP,unkn,UNSP,UNSP,UNSP,
USGS,11455315,106,2011-12-08 17:03:00,PST,Yes,YES,USGS,,13600,Unspecified,,,,NONE,1,Imported Channel 1,UNSP,QADCP,VADCP,13600,604,6990,2.19,UNSP,UNSP,UNSP,unkn,UNSP,UNSP,UNSP,
USGS,11455315,107,2011-12-08 17:14:00,PST,Yes,YES,USGS,,14300,Unspecified,,,,NONE,1,Imported Channel 1,UNSP,QADCP,VADCP,14300,593,9290,1.81,UNSP,UNSP,UNSP,unkn,UNSP,UNSP,UNSP,
USGS,11455315,108,2011-12-08 17:28:00,PST,Yes,YES,USGS,,12700,Unspecified,,,,NONE,1,Imported Channel 1,UNSP,QADCP,VADCP,12700,583,13500,1.46,UNSP,UNSP,UNSP,unkn,UNSP,UNSP,UNSP,
USGS,11455315,109,2011-12-08 17:39:00,PST,Yes,YES,USGS,,11200,Unspecified,,,,NONE,1,Imported Channel 1,UNSP,QADCP,VADCP,11200,598,6080,1.95,UNSP,UNSP,UNSP,unkn,UNSP,UNSP,UNSP,
USGS,11455315,110,2011-12-08 17:48:00,PST,Yes,YES,USGS,,11600,Unspecified,,,,NONE,1,Imported Channel 1,UNSP,QADCP,VADCP,11600,577,6330,2.05,UNSP,UNSP,UNSP,unkn,UNSP,UNSP,UNSP,
USGS,11455315,111,2011-12-08 17:56:00,PST,Yes,YES,USGS,,11200,Unspecified,,,,NONE,1,Imported Channel 1,UNSP,QADCP,VADCP,11200,580,5530,2.37,UNSP,UNSP,UNSP,unkn,UNSP,UNSP,UNSP,
USGS,11455315,112,2014-08-26 11:56:00,PST,Yes,YES,USGS,,3200,Unspecified,,,,NONE,1,Imported Channel 1,UNSP,QADCP,VADCP,3200,554,5390,0.64,UNSP,UNSP,UNSP,unkn,UNSP,UNSP,UNSP,
USGS,11455315,113,2014-08-26 12:10:00,PST,Yes,YES,USGS,,710,Unspecified,,,,NONE,1,Imported Channel 1,UNSP,QADCP,VADCP,710,682,5300,0.19,UNSP,UNSP,UNSP,unkn,UNSP,UNSP,UNSP,
USGS,11455315,114,2014-08-26 12:23:00,PST,Yes,YES,USGS,,-2830,Unspecified,,,,NONE,1,Imported Channel 1,UNSP,QADCP,VADCP,-2830,669,5850,-0.41,UNSP,UNSP,UNSP,unkn,UNSP,UNSP,UNSP,
USGS,11455315,115,2014-08-26 12:29:00,PST,Yes,YES,USGS,,-4370,Unspecified,,,,NONE,1,Imported Channel 1,UNSP,QADCP,VADCP,-4370,672,5680,-0.86,UNSP,UNSP,UNSP,unkn,UNSP,UNSP,UNSP,
USGS,11455315,116,2014-08-26 12:36:00,PST,Yes,YES,USGS,,-5760,Unspecified,,,,NONE,1,Imported Channel 1,UNSP,QADCP,VADCP,-5760,672,5670,-1.04,UNSP,UNSP,UNSP,unkn,UNSP,UNSP,UNSP,
USGS,11455315,117,2014-08-26 12:41:00,PST,Yes,YES,USGS,,-7210,Unspecified,,,,NONE,1,Imported Channel 1,UNSP,QADCP,VADCP,-7210,669,5960,-1.26,UNSP,UNSP,UNSP,unkn,UNSP,UNSP,UNSP,
USGS,11455315,118,2014-08-26 12:46:00,PST,Yes,YES,USGS,,-7860,Unspecified,,,,NONE,1,Imported Channel 1,UNSP,QADCP,VADCP,-7860,671,5930,-1.36,UNSP,UNSP,UNSP,unkn,UNSP,UNSP,UNSP,
USGS,11455315,119,2014-08-26 12:52:00,PST,Yes,YES,USGS,,-9400,Unspecified,,,,NONE,1,Imported Channel 1,UNSP,QADCP,VADCP,-9400,673,5830,-1.71,UNSP,UNSP,UNSP,unkn,UNSP,UNSP,UNSP,
USGS,11455315,120,2014-08-26 13:00:00,PST,Yes,YES,USGS,,-10400,Unspecified,,,,NONE,1,Imported Channel 1,UNSP,QADCP,VADCP,-10400,668,5800,-1.96,UNSP,UNSP,UNSP,unkn,UNSP,UNSP,UNSP,
USGS,11455315,121,2014-08-26 13:07:00,PST,Yes,YES,USGS,,-10900,Unspecified,,,,NONE,1,Imported Channel 1,UNSP,QADCP,VADCP,-10900,673,6490,-1.80,UNSP,UNSP,UNSP,unkn,UNSP,UNSP,UNSP,
USGS,11455315,122,2014-08-26 13:16:00,PST,Yes,YES,USGS,,-11500,Unspecified,,,,NONE,1,Imported Channel 1,UNSP,QADCP,VADCP,-11500,677,6320,-2.06,UNSP,UNSP,UNSP,unkn,UNSP,UNSP,UNSP,
USGS,11455315,123,2014-08-26 13:25:00,PST,Yes,YES,USGS,,-12000,Unspecified,,,,NONE,1,Imported Channel 1,UNSP,QADCP,VADCP,-12000,673,5980,-2.12,UNSP,UNSP,UNSP,unkn,UNSP,UNSP,UNSP,
USGS,11455315,124,2015-02-05 10:02:00,PST,Yes,MVC/KBM,USGS,,12100,Unspecified,,,,NONE,1,Imported Channel 1,UNSP,QADCP,VADCP,12100,,,,UNSP,UNSP,UNSP,unkn,UNSP,UNSP,UNSP,
USGS,11455315,125,2015-02-05 10:12:00,PST,Yes,MVC/KBM,USGS,,11700,Unspecified,,,,NONE,1,Imported Channel 1,UNSP,QADCP,VADCP,11700,,,,UNSP,UNSP,UNSP,unkn,UNSP,UNSP,UNSP,
USGS,11455315,126,2015-02-05 10:29:00,PST,Yes,MVC/KBM,USGS,,10300,Unspecified,,,,NONE,1,Imported Channel 1,UNSP,QADCP,VADCP,10300,,,,UNSP,UNSP,UNSP,unkn,UNSP,UNSP,UNSP,
USGS,11455315,127,2015-02-05 10:39:00,PST,Yes,MVC/KBM,USGS,,10500,Unspecified,,,,NONE,1,Imported Channel 1,UNSP,QADCP,VADCP,10500,,,,UNSP,UNSP,UNSP,unkn,UNSP,UNSP,UNSP,
USGS,11455315,128,2015-02-05 11:37:00,PST,Yes,MVC/KBM,USGS,,3800,Unspecified,,,,NONE,1,Imported Channel 1,UNSP,QADCP,VADCP,3800,,,,UNSP,UNSP,UNSP,unkn,UNSP,UNSP,UNSP,
USGS,11455315,129,2015-02-05 11:56:00,PST,Yes,MVC/KBM,USGS,,-419,Unspecified,,,,NONE,1,Imported Channel 1,UNSP,QADCP,VADCP,-419,,,,UNSP,UNSP,UNSP,unkn,UNSP,UNSP,UNSP,
USGS,11455315,130,2015-02-05 12:15:00,PST,Yes,MVC/KBM,USGS,,-4540,Unspecified,,,,NONE,1,Imported Channel 1,UNSP,QADCP,VADCP,-4540,,,,UNSP,UNSP,UNSP,unkn,UNSP,UNSP,UNSP,
USGS,11455315,131,2015-02-05 12:27:00,PST,Yes,MVC/KBM,USGS,,-8060,Unspecified,,,,NONE,1,Imported Channel 1,UNSP,QADCP,VADCP,-8060,,,,UNSP,UNSP,UNSP,unkn,UNSP,UNSP,UNSP,
USGS,11455315,132,2015-02-05 12:39:00,PST,Yes,MVC/KBM,USGS,,-11400,Unspecified,,,,NONE,1,Imported Channel 1,UNSP,QADCP,VADCP,-11400,,,,UNSP,UNSP,UNSP,unkn,UNSP,UNSP,UNSP,
USGS,11455315,133,2015-02-05 12:50:00,PST,Yes,MVC/KBM,USGS,,-12800,Unspecified,,,,NONE,1,Imported Channel 1,UNSP,QADCP,VADCP,-12800,,,,UNSP,UNSP,UNSP,unkn,UNSP,UNSP,UNSP,
USGS,11455315,134,2015-02-05 12:58:00,PST,Yes,MVC/KBM,USGS,,-14500,Unspecified,,,,NONE,1,Imported Channel 1,UNSP,QADCP,VADCP,-14500,,,,UNSP,UNSP,UNSP,unkn,UNSP,UNSP,UNSP,
USGS,11455315,135,2015-02-05 13:08:00,PST,Yes,MVC/KBM,USGS,,-17600,Unspecified,,,,NONE,1,Imported Channel 1,UNSP,QADCP,VADCP,-17600,,,,UNSP,UNSP,UNSP,unkn,UNSP,UNSP,UNSP,
USGS,11455315,136,2015-02-05 13:33:00,PST,Yes,MVC/KBM,USGS,,-15400,Unspecified,,,,NONE,1,Imported Channel 1,UNSP,QADCP,VADCP,-15400,,,,UNSP,UNSP,UNSP,unkn,UNSP,UNSP,UNSP,
USGS,11455315,137,2015-02-05 14:50:00,PST,Yes,MVC/KBM,USGS,,-15800,Unspecified,,,,NONE,1,Imported Channel 1,UNSP,QADCP,VADCP,-15800,,,,UNSP,UNSP,UNSP,unkn,UNSP,UNSP,UNSP,
USGS,11455315,138,2015-02-05 15:04:00,PST,Yes,MVC/KBM,USGS,,-16600,Unspecified,,,,NONE,1,Imported Channel 1,UNSP,QADCP,VADCP,-16600,,,,UNSP,UNSP,UNSP,unkn,UNSP,UNSP,UNSP,
USGS,11455315,139,2015-02-05 15:15:00,PST,Yes,MVC/KBM,USGS,,-15500,Unspecified,,,,NONE,1,Imported Channel 1,UNSP,QADCP,VADCP,-15500,,,,UNSP,UNSP,UNSP,unkn,UNSP,UNSP,UNSP,
USGS,11455315,140,2015-02-05 15:44:00,PST,Yes,MVC/KBM,USGS,,-15200,Unspecified,,,,NONE,1,Imported Channel 1,UNSP,QADCP,VADCP,-15200,,,,UNSP,UNSP,UNSP,unkn,UNSP,UNSP,UNSP,
USGS,11455315,141,2015-02-05 15:52:00,PST,Yes,MVC/KBM,USGS,,-14600,Unspecified,,,,NONE,1,Imported Channel 1,UNSP,QADCP,VADCP,-14600,,,,UNSP,UNSP,UNSP,unkn,UNSP,UNSP,UNSP,
USGS,11455315,142,2015-02-05 15:59:00,PST,Yes,MVC/KBM,USGS,,-13500,Unspecified,,,,NONE,1,Imported Channel 1,UNSP,QADCP,VADCP,-13500,,,,UNSP,UNSP,UNSP,unkn,UNSP,UNSP,UNSP,
USGS,11455315,143,2015-02-05 16:08:00,PST,Yes,MVC/KBM,USGS,,-13500,Unspecified,,,,NONE,1,Imported Channel 1,UNSP,QADCP,VADCP,-13500,,,,UNSP,UNSP,UNSP,unkn,UNSP,UNSP,UNSP,
USGS,11455315,145,2015-02-05 16:25:00,PST,Yes,MVC/KBM,USGS,,-11500,Unspecified,,,,NONE,1,Imported Channel 1,UNSP,QADCP,VADCP,-11500,,,,UNSP,UNSP,UNSP,unkn,UNSP,UNSP,UNSP,
USGS,11455315,144,2015-02-05 16:46:00,PST,Yes,MVC/KBM,USGS,,-13700,Unspecified,,,,NONE,1,Imported Channel 1,UNSP,QADCP,VADCP,-13700,,,,UNSP,UNSP,UNSP,unkn,UNSP,UNSP,UNSP,
USGS,11455315,146,2015-02-05 17:01:00,PST,Yes,MVC/KBM,USGS,,-8620,Unspecified,,,,NONE,1,Imported Channel 1,UNSP,QADCP,VADCP,-8620,,,,UNSP,UNSP,UNSP,unkn,UNSP,UNSP,UNSP,
USGS,11455315,147,2015-02-05 17:17:00,PST,Yes,MVC/KBM,USGS,,-6060,Unspecified,,,,NONE,1,Imported Channel 1,UNSP,QADCP,VADCP,-6060,,,,UNSP,UNSP,UNSP,unkn,UNSP,UNSP,UNSP,
USGS,11455315,148,2015-02-05 17:34:00,PST,Yes,MVC/KBM,USGS,,-4380,Unspecified,,,,NONE,1,Imported Channel 1,UNSP,QADCP,VADCP,-4380,,,,UNSP,UNSP,UNSP,unkn,UNSP,UNSP,UNSP,
USGS,11455315,149,2015-02-05 17:42:00,PST,Yes,MVC/KBM,USGS,,-2450,Unspecified,,,,NONE,1,Imported Channel 1,UNSP,QADCP,VADCP,-2450,,,,UNSP,UNSP,UNSP,unkn,UNSP,UNSP,UNSP,
USGS,11455315,150,2015-02-05 17:50:00,PST,Yes,MVC/KBM,USGS,,-159,Unspecified,,,,NONE,1,Imported Channel 1,UNSP,QADCP,VADCP,-159,,,,UNSP,UNSP,UNSP,unkn,UNSP,UNSP,UNSP,
USGS,11455315,151,2015-05-18 12:00:00,PST,Yes,AD/ND,USGS,19.64,2010,Unspecified,,,Unspecifed,NONE,1,Imported Channel 1,UNSP,QADCP,VADCP,2010,,,,UNSP,UNSP,UNSP,unkn,UNSP,UNSP,UNSP,
USGS,11455315,152,2015-05-18 12:04:00,PST,Yes,AD/ND,USGS,19.66,1620,Unspecified,,,Unspecifed,NONE,1,Imported Channel 1,UNSP,QADCP,VADCP,1620,,,,UNSP,UNSP,UNSP,unkn,UNSP,UNSP,UNSP,
USGS,11455315,153,2015-05-18 12:10:00,PST,Yes,AD/ND,USGS,19.67,375,Unspecified,,,Unspecifed,NONE,1,Imported Channel 1,UNSP,QADCP,VADCP,375,,,,UNSP,UNSP,UNSP,unkn,UNSP,UNSP,UNSP,
USGS,11455315,154,2015-05-18 12:15:00,PST,Yes,AD/ND,USGS,19.68,-673,Unspecified,,,Unspecifed,NONE,1,Imported Channel 1,UNSP,QADCP,VADCP,-673,,,,UNSP,UNSP,UNSP,unkn,UNSP,UNSP,UNSP,
USGS,11455315,155,2015-05-18 12:21:00,PST,Yes,AD/ND,USGS,19.71,-2070,Unspecified,,,Unspecifed,NONE,1,Imported Channel 1,UNSP,QADCP,VADCP,-2070,,,,UNSP,UNSP,UNSP,unkn,UNSP,UNSP,UNSP,
USGS,11455315,156,2015-05-18 12:25:00,PST,Yes,AD/ND,USGS,19.75,-3320,Unspecified,,,Unspecifed,NONE,1,Imported Channel 1,UNSP,QADCP,VADCP,-3320,,,,UNSP,UNSP,UNSP,unkn,UNSP,UNSP,UNSP,
USGS,11455315,157,2015-05-18 12:30:00,PST,Yes,AD/ND,USGS,19.79,-4300,Unspecified,,,Unspecifed,NONE,1,Imported Channel 1,UNSP,QADCP,VADCP,-4300,,,,UNSP,UNSP,UNSP,unkn,UNSP,UNSP,UNSP,
USGS,11455315,158,2015-05-18 12:34:00,PST,Yes,AD/ND,USGS,19.83,-5780,Unspecified,,,Unspecifed,NONE,1,Imported Channel 1,UNSP,QADCP,VADCP,-5780,,,,UNSP,UNSP,UNSP,unkn,UNSP,UNSP,UNSP,
USGS,11455315,159,2015-05-18 12:39:00,PST,Yes,AD/ND,USGS,19.88,-6320,Unspecified,,,Unspecifed,NONE,1,Imported Channel 1,UNSP,QADCP,VADCP,-6320,,,,UNSP,UNSP,UNSP,unkn,UNSP,UNSP,UNSP,
USGS,11455315,160,2015-05-18 12:43:00,PST,Yes,AD/ND,USGS,19.94,-7410,Unspecified,,,Unspecifed,NONE,1,Imported Channel 1,UNSP,QADCP,VADCP,-7410,,,,UNSP,UNSP,UNSP,unkn,UNSP,UNSP,UNSP,
USGS,11455315,161,2015-05-18 12:49:00,PST,Yes,AD/ND,USGS,20.00,-8700,Unspecified,,,Unspecifed,NONE,1,Imported Channel 1,UNSP,QADCP,VADCP,-8700,,,,UNSP,UNSP,UNSP,unkn,UNSP,UNSP,UNSP,
USGS,11455315,162,2015-05-18 12:53:00,PST,Yes,AD/ND,USGS,20.07,-9400,Unspecified,,,Unspecifed,NONE,1,Imported Channel 1,UNSP,QADCP,VADCP,-9400,,,,UNSP,UNSP,UNSP,unkn,UNSP,UNSP,UNSP,
USGS,11455315,163,2015-05-18 13:02:00,PST,Yes,AD/ND,USGS,20.14,-9620,Unspecified,,,Unspecifed,NONE,1,Imported Channel 1,UNSP,QADCP,VADCP,-9620,,,,UNSP,UNSP,UNSP,unkn,UNSP,UNSP,UNSP,
USGS,11455315,164,2015-05-18 13:05:00,PST,Yes,AD/ND,USGS,20.21,-10400,Unspecified,,,Unspecifed,NONE,1,Imported Channel 1,UNSP,QADCP,VADCP,-10400,,,,UNSP,UNSP,UNSP,unkn,UNSP,UNSP,UNSP,
USGS,11455315,165,2015-05-18 13:11:00,PST,Yes,AD/ND,USGS,20.27,-10500,Unspecified,,,Unspecifed,NONE,1,Imported Channel 1,UNSP,QADCP,VADCP,-10500,,,,UNSP,UNSP,UNSP,unkn,UNSP,UNSP,UNSP,
USGS,11455315,166,2015-05-18 13:14:00,PST,Yes,AD/ND,USGS,20.32,-10900,Unspecified,,,Unspecifed,NONE,1,Imported Channel 1,UNSP,QADCP,VADCP,-10900,,,,UNSP,UNSP,UNSP,unkn,UNSP,UNSP,UNSP,
USGS,11455315,167,2015-05-18 13:20:00,PST,Yes,AD/ND,USGS,20.39,-11100,Unspecified,,,Unspecifed,NONE,1,Imported Channel 1,UNSP,QADCP,VADCP,-11100,,,,UNSP,UNSP,UNSP,unkn,UNSP,UNSP,UNSP,
USGS,11455315,168,2015-05-18 13:23:00,PST,Yes,AD/ND,USGS,20.47,-11600,Unspecified,,,Unspecifed,NONE,1,Imported Channel 1,UNSP,QADCP,VADCP,-11600,,,,UNSP,UNSP,UNSP,unkn,UNSP,UNSP,UNSP,
USGS,11455315,169,2015-05-18 13:33:00,PST,Yes,AD/ND,USGS,20.58,-12200,Unspecified,,,Unspecifed,NONE,1,Imported Channel 1,UNSP,QADCP,VADCP,-12200,,,,UNSP,UNSP,UNSP,unkn,UNSP,UNSP,UNSP,
USGS,11455315,170,2015-05-18 13:36:00,PST,Yes,AD/ND,USGS,20.65,-12200,Unspecified,,,Unspecifed,NONE,1,Imported Channel 1,UNSP,QADCP,VADCP,-12200,,,,UNSP,UNSP,UNSP,unkn,UNSP,UNSP,UNSP,
USGS,11455315,171,2015-05-18 13:41:00,PST,Yes,AD/ND,USGS,20.73,-12600,Unspecified,,,Unspecifed,NONE,1,Imported Channel 1,UNSP,QADCP,VADCP,-12600,,,,UNSP,UNSP,UNSP,unkn,UNSP,UNSP,UNSP,
USGS,11455315,172,2015-05-18 13:46:00,PST,Yes,AD/ND,USGS,20.81,-12500,Unspecified,,,Unspecifed,NONE,1,Imported Channel 1,UNSP,QADCP,VADCP,-12500,,,,UNSP,UNSP,UNSP,unkn,UNSP,UNSP,UNSP,
USGS,11455315,173,2016-02-26 13:27:01,PST,Yes,"TM, CH",USGS,20.28,3590,Poor,,,,NONE,1,LIB,MBOT,QADCP,VADCP,3590,736,13700,0.26,SOFT,silt,UNEV,unkn,UNSP,UNKN,ATGA,
USGS,11455315,174,2016-02-26 13:32:25,PST,Yes,"TM, CH",USGS,20.28,3320,Poor,,,,NONE,1,LIB,MBOT,QADCP,VADCP,3320,675,9270,0.36,UNSP,UNSP,UNSP,unkn,UNSP,UNSP,UNSP,
USGS,11455315,175,2016-02-26 13:37:36,PST,Yes,"TM, CH",USGS,20.28,2510,Poor,,,,NONE,1,LIB,MBOT,QADCP,VADCP,2510,662,8760,0.29,UNSP,UNSP,UNSP,unkn,UNSP,UNSP,UNSP,
USGS,11455315,176,2016-02-26 13:43:18,PST,Yes,"TM, CH",USGS,20.28,1490,Poor,,,,NONE,1,LIB,MBOT,QADCP,VADCP,1490,702,8820,0.17,UNSP,UNSP,UNSP,unkn,UNSP,UNSP,UNSP,
USGS,11455315,177,2016-02-26 13:52:53,PST,Yes,"TM, CH",USGS,20.30,-167,Poor,,,,NONE,1,LIB,MBOT,QADCP,VADCP,-167,669,6240,-0.03,UNSP,UNSP,UNSP,unkn,UNSP,UNSP,UNSP,
USGS,11455315,178,2016-02-26 13:58:43,PST,Yes,"TM, CH",USGS,20.32,-839,Poor,,,,NONE,1,LIB,MBOT,QADCP,VADCP,-839,699,8870,-0.10,UNSP,UNSP,UNSP,unkn,UNSP,UNSP,UNSP,
USGS,11455315,179,2016-02-26 14:05:55,PST,Yes,"TM, CH",USGS,20.35,-3570,Poor,,,,NONE,1,LIB,MBOT,QADCP,VADCP,-3570,706,7950,-0.45,UNSP,UNSP,UNSP,unkn,UNSP,UNSP,UNSP,
USGS,11455315,180,2016-02-26 14:10:30,PST,Yes,"TM, CH",USGS,20.37,-4660,Poor,,,,NONE,1,LIB,MBOT,QADCP,VADCP,-4660,693,7470,-0.62,UNSP,UNSP,UNSP,unkn,UNSP,UNSP,UNSP,
USGS,11455315,181,2016-02-26 14:14:52,PST,Yes,"TM, CH",USGS,20.40,-5210,Poor,,,,NONE,1,LIB,MBOT,QADCP,VADCP,-5210,713,8110,-0.64,UNSP,UNSP,UNSP,unkn,UNSP,UNSP,UNSP,
USGS,11455315,182,2016-02-26 14:19:04,PST,Yes,"TM, CH",USGS,20.43,-6760,Poor,,,,NONE,1,LIB,MBOT,QADCP,VADCP,-6760,831,12600,-0.54,UNSP,UNSP,UNSP,unkn,UNSP,UNSP,UNSP,
USGS,11455315,183,2016-02-26 14:22:53,PST,Yes,"TM, CH",USGS,20.45,-7600,Poor,,,,NONE,1,LIB,MBOT,QADCP,VADCP,-7600,688,8040,-0.95,UNSP,UNSP,UNSP,unkn,UNSP,UNSP,UNSP,
USGS,11455315,184,2016-02-26 14:26:16,PST,Yes,"TM, CH",USGS,20.49,-8640,Poor,,,,NONE,1,LIB,MBOT,QADCP,VADCP,-8640,668,7320,-1.18,UNSP,UNSP,UNSP,unkn,UNSP,UNSP,UNSP,
USGS,11455315,185,2016-02-26 14:29:00,PST,Yes,"TM, CH",USGS,20.51,-8990,Poor,,,,NONE,1,LIB,MBOT,QADCP,VADCP,-8990,689,7900,-1.14,UNSP,UNSP,UNSP,unkn,UNSP,UNSP,UNSP,
USGS,11455315,186,2016-02-26 14:32:04,PST,Yes,"TM, CH",USGS,20.53,-9530,Poor,,,,NONE,1,LIB,MBOT,QADCP,VADCP,-9530,681,7470,-1.28,UNSP,UNSP,UNSP,unkn,UNSP,UNSP,UNSP,
USGS,11455315,187,2016-02-26 14:35:12,PST,Yes,"TM, CH",USGS,20.56,-10100,Poor,,,,NONE,1,LIB,MBOT,QADCP,VADCP,-10100,676,7710,-1.31,UNSP,UNSP,UNSP,unkn,UNSP,UNSP,UNSP,
USGS,11455315,188,2016-02-26 14:38:34,PST,Yes,"TM, CH",USGS,20.60,-10800,Poor,,,,NONE,1,LIB,MBOT,QADCP,VADCP,-10800,694,7920,-1.36,UNSP,UNSP,UNSP,unkn,UNSP,UNSP,UNSP,
USGS,11455315,189,2016-02-26 14:41:21,PST,Yes,"TM, CH",USGS,20.63,-11400,Poor,,,,NONE,1,LIB,MBOT,QADCP,VADCP,-11400,685,8400,-1.35,UNSP,UNSP,UNSP,unkn,UNSP,UNSP,UNSP,
USGS,11455315,190,2016-02-26 14:44:17,PST,Yes,"TM, CH",USGS,20.67,-11200,Poor,,,,NONE,1,LIB,MBOT,QADCP,VADCP,-11200,682,7390,-1.52,UNSP,UNSP,UNSP,unkn,UNSP,UNSP,UNSP,
USGS,11455315,191,2016-02-26 14:46:49,PST,Yes,"TM, CH",USGS,20.69,-12000,Poor,,,,NONE,1,LIB,MBOT,QADCP,VADCP,-12000,673,7480,-1.60,UNSP,UNSP,UNSP,unkn,UNSP,UNSP,UNSP,
USGS,11455315,192,2016-02-26 14:49:51,PST,Yes,"TM, CH",USGS,20.71,-11900,Poor,,,,NONE,1,LIB,MBOT,QADCP,VADCP,-11900,681,7430,-1.60,UNSP,UNSP,UNSP,unkn,UNSP,UNSP,UNSP,
USGS,11455315,193,2016-02-26 14:52:32,PST,Yes,"TM, CH",USGS,20.75,-12500,Poor,,,,NONE,1,LIB,MBOT,QADCP,VADCP,-12500,672,8100,-1.55,UNSP,UNSP,UNSP,unkn,UNSP,UNSP,UNSP,
USGS,11455315,194,2016-02-26 14:55:33,PST,Yes,"TM, CH",USGS,20.78,-13100,Poor,,,,NONE,1,LIB,MBOT,QADCP,VADCP,-13100,690,8280,-1.58,UNSP,UNSP,UNSP,unkn,UNSP,UNSP,UNSP,
USGS,11455315,195,2016-02-26 14:58:28,PST,Yes,"TM, CH",USGS,20.83,-13300,Poor,,,,NONE,1,LIB,MBOT,QADCP,VADCP,-13300,747,9340,-1.42,UNSP,UNSP,UNSP,unkn,UNSP,UNSP,UNSP,
USGS,11455315,196,2016-02-26 15:01:25,PST,Yes,"TM, CH",USGS,20.86,-13100,Poor,,,,NONE,1,LIB,MBOT,QADCP,VADCP,-13100,742,8800,-1.49,UNSP,UNSP,UNSP,unkn,UNSP,UNSP,UNSP,
USGS,11455315,197,2016-02-26 15:22:28,PST,Yes,"TM, CH",USGS,21.12,-13300,Poor,,,,NONE,1,LIB,MBOT,QADCP,VADCP,-13300,736,10700,-1.24,UNSP,UNSP,UNSP,unkn,UNSP,UNSP,UNSP,
USGS,11455315,198,2016-02-26 15:26:22,PST,Yes,"TM, CH",USGS,21.16,-13500,Poor,,,,NONE,1,LIB,MBOT,QADCP,VADCP,-13500,740,8770,-1.54,UNSP,UNSP,UNSP,unkn,UNSP,UNSP,UNSP,
USGS,11455315,199,2016-03-10 15:21:50,PST,Yes,TM DA,USGS,22.98,-18500,Fair,,,,NONE,1,LIB,MBOT,QADCP,VADCP,-18500,688,7510,-2.46,FIRM,silt,UNEV,unkn,UNSP,NSTD,ATGA,
USGS,11455315,200,2016-03-10 15:26:20,PST,Yes,TM DA,USGS,23.03,-17600,Fair,,,,NONE,1,LIB,MBOT,QADCP,VADCP,-17600,688,7260,-2.43,UNSP,UNSP,UNSP,unkn,UNSP,UNSP,UNSP,
USGS,11455315,201,2016-03-10 15:30:42,PST,Yes,TM DA,USGS,23.09,-18200,Fair,,,,NONE,1,LIB,MBOT,QADCP,VADCP,-18200,711,7440,-2.44,UNSP,UNSP,UNSP,unkn,UNSP,UNSP,UNSP,
USGS,11455315,202,2016-03-10 15:35:30,PST,Yes,TM DA,USGS,23.16,-17200,Fair,,,,NONE,1,LIB,MBOT,QADCP,VADCP,-17200,702,9470,-1.81,UNSP,UNSP,UNSP,unkn,UNSP,UNSP,UNSP,
USGS,11455315,203,2016-03-10 15:41:05,PST,Yes,TM DA,USGS,23.24,-18500,Fair,,,,NONE,1,LIB,MBOT,QADCP,VADCP,-18500,725,10900,-1.70,UNSP,UNSP,UNSP,unkn,UNSP,UNSP,UNSP,
USGS,11455315,204,2016-03-10 15:48:18,PST,Yes,TM DA,USGS,23.31,-17000,Fair,,,,NONE,1,LIB,MBOT,QADCP,VADCP,-17000,684,7450,-2.28,UNSP,UNSP,UNSP,unkn,UNSP,UNSP,UNSP,
USGS,11455315,205,2016-08-01 08:12:30,PST,Yes,"RJ, WF",USGS,21.62,9270,Poor,,,,NONE,1,LIB,MBOT,QADCP,VADCP,9270,581,5850,1.58,FIRM,silt,UNEV,unkn,EVEN,UNKN,DNST,250.00
USGS,11455315,206,2016-08-01 08:21:40,PST,Yes,"RJ, WF",USGS,21.54,9330,Poor,,,,NONE,1,LIB,MBOT,QADCP,VADCP,9330,584,6750,1.38,UNSP,UNSP,UNSP,unkn,UNSP,UNSP,UNSP,
USGS,11455315,207,2016-08-01 08:28:52,PST,Yes,"RJ, WF",USGS,21.46,9080,Poor,,,,NONE,1,LIB,MBOT,QADCP,VADCP,9080,596,6560,1.38,UNSP,UNSP,UNSP,unkn,UNSP,UNSP,UNSP,
USGS,11455315,208,2016-08-01 08:34:56,PST,Yes,"RJ, WF",USGS,21.46,9060,Poor,,,,NONE,1,LIB,MBOT,QADCP,VADCP,9060,582,7920,1.14,UNSP,UNSP,UNSP,unkn,UNSP,UNSP,UNSP,
USGS,11455315,209,2016-08-01 08:40:35,PST,Yes,"RJ, WF",USGS,21.30,8950,Poor,,,,NONE,1,LIB,MBOT,QADCP,VADCP,8950,592,5910,1.51,UNSP,UNSP,UNSP,unkn,UNSP,UNSP,UNSP,
USGS,11455315,210,2016-08-01 08:46:02,PST,Yes,"RJ, WF",USGS,21.30,8960,Poor,,,,NONE,1,LIB,MBOT,QADCP,VADCP,8960,584,7060,1.27,UNSP,UNSP,UNSP,unkn,UNSP,UNSP,UNSP,
USGS,11455315,211,2016-10-25 09:19:02,PST,Yes,"RPJ,NVB",USGS,20.84,-9200,Poor,,,,NONE,1,LIB,MBOT,QADCP,VADCP,-9200,602,6100,-1.51,FIRM,silt,UNEV,unkn,UNSP,UNKN,DNST,250.00
USGS,11455315,212,2016-10-25 09:25:46,PST,Yes,"RPJ,NVB",USGS,21.04,-10100,Poor,,,,NONE,1,LIB,MBOT,QADCP,VADCP,-10100,599,6360,-1.58,UNSP,UNSP,UNSP,unkn,UNSP,UNSP,UNSP,
USGS,11455315,213,2016-10-25 09:32:38,PST,Yes,"RPJ,NVB",USGS,21.04,-10300,Poor,,,,NONE,1,LIB,MBOT,QADCP,VADCP,-10300,597,6140,-1.68,UNSP,UNSP,UNSP,unkn,UNSP,UNSP,UNSP,
USGS,11455315,214,2016-10-25 09:41:29,PST,Yes,"RPJ,NVB",USGS,21.25,-10600,Poor,,,,NONE,1,LIB,MBOT,QADCP,VADCP,-10600,606,7390,-1.44,UNSP,UNSP,UNSP,unkn,UNSP,UNSP,UNSP,
USGS,11455315,215,2016-10-25 09:51:41,PST,Yes,"RPJ,NVB",USGS,21.35,-10900,Poor,,,,NONE,1,LIB,MBOT,QADCP,VADCP,-10900,603,6360,-1.72,UNSP,UNSP,UNSP,unkn,UNSP,UNSP,UNSP,
USGS,11455315,216,2016-10-25 10:00:28,PST,Yes,"RPJ,NVB",USGS,21.44,-11300,Poor,,,,NONE,1,LIB,MBOT,QADCP,VADCP,-11300,605,6440,-1.75,UNSP,UNSP,UNSP,unkn,UNSP,UNSP,UNSP,
USGS,11455315,217,2016-10-25 10:10:07,PST,Yes,"RPJ,NVB",USGS,21.61,-11400,Poor,,,,NONE,1,LIB,MBOT,QADCP,VADCP,-11400,581,6550,-1.75,UNSP,UNSP,UNSP,unkn,UNSP,UNSP,UNSP,
USGS,11455315,218,2016-10-25 10:20:33,PST,Yes,"RPJ,NVB",USGS,21.61,-11200,Poor,,,,NONE,1,LIB,MBOT,QADCP,VADCP,-11200,585,6560,-1.70,UNSP,UNSP,UNSP,unkn,UNSP,UNSP,UNSP,
USGS,11455315,219,2016-10-25 10:28:59,PST,Yes,"RPJ,NVB",USGS,21.77,-10400,Poor,,,,NONE,1,LIB,MBOT,QADCP,VADCP,-10400,618,7860,-1.32,UNSP,UNSP,UNSP,unkn,UNSP,UNSP,UNSP,
USGS,11455315,220,2016-10-25 10:38:14,PST,Yes,"RPJ,NVB",USGS,21.85,-11000,Poor,,,,NONE,1,LIB,MBOT,QADCP,VADCP,-11000,580,7710,-1.42,UNSP,UNSP,UNSP,unkn,UNSP,UNSP,UNSP,
USGS,11455315,221,2016-10-25 10:45:47,PST,Yes,"RPJ,NVB",USGS,21.92,-11100,Poor,,,,NONE,1,LIB,MBOT,QADCP,VADCP,-11100,596,6940,-1.61,UNSP,UNSP,UNSP,unkn,UNSP,UNSP,UNSP,
USGS,11455315,222,2016-10-25 10:52:38,PST,Yes,"RPJ,NVB",USGS,22.00,-11100,Poor,,,,NONE,1,LIB,MBOT,QADCP,VADCP,-11100,593,6380,-1.74,UNSP,UNSP,UNSP,unkn,UNSP,UNSP,UNSP,
USGS,11455315,223,2016-10-25 11:00:41,PST,Yes,"RPJ,NVB",USGS,22.07,-11100,Poor,,,,NONE,1,LIB,MBOT,QADCP,VADCP,-11100,602,6820,-1.63,UNSP,UNSP,UNSP,unkn,UNSP,UNSP,UNSP,
USGS,11455315,224,2016-10-25 11:07:59,PST,Yes,"RPJ,NVB",USGS,22.14,-11200,Poor,,,,NONE,1,LIB,MBOT,QADCP,VADCP,-11200,588,6540,-1.71,UNSP,UNSP,UNSP,unkn,UNSP,UNSP,UNSP,
USGS,11455315,225,2016-10-25 11:22:46,PST,Yes,"RPJ,NVB",USGS,22.27,-11100,Poor,,,,NONE,1,LIB,MBOT,QADCP,VADCP,-11100,618,7210,-1.53,UNSP,UNSP,UNSP,unkn,UNSP,UNSP,UNSP,
USGS,11455315,226,2016-10-25 11:29:39,PST,Yes,"RPJ,NVB",USGS,22.34,-11000,Poor,,,,NONE,1,LIB,MBOT,QADCP,VADCP,-11000,586,6990,-1.58,UNSP,UNSP,UNSP,unkn,UNSP,UNSP,UNSP,
USGS,11455315,227,2016-10-25 11:37:42,PST,Yes,"RPJ,NVB",USGS,22.41,-10700,Poor,,,,NONE,1,LIB,MBOT,QADCP,VADCP,-10700,595,6640,-1.61,UNSP,UNSP,UNSP,unkn,UNSP,UNSP,UNSP,
USGS,11455315,228,2016-10-25 11:45:25,PST,Yes,"RPJ,NVB",USGS,22.48,-11300,Poor,,,,NONE,1,LIB,MBOT,QADCP,VADCP,-11300,597,7040,-1.61,UNSP,UNSP,UNSP,unkn,UNSP,UNSP,UNSP,
USGS,11455315,229,2016-10-25 11:53:24,PST,Yes,"RPJ,NVB",USGS,22.54,-10900,Poor,,,,NONE,1,LIB,MBOT,QADCP,VADCP,-10900,600,7000,-1.56,UNSP,UNSP,UNSP,unkn,UNSP,UNSP,UNSP,
USGS,11455315,230,2016-10-25 12:01:13,PST,Yes,"RPJ,NVB",USGS,22.60,-11400,Poor,,,,NONE,1,LIB,MBOT,QADCP,VADCP,-11400,593,6810,-1.67,UNSP,UNSP,UNSP,unkn,UNSP,UNSP,UNSP,
USGS,11455315,231,2016-10-25 12:09:09,PST,Yes,"RPJ,NVB",USGS,22.67,-11400,Poor,,,,NONE,1,LIB,MBOT,QADCP,VADCP,-11400,601,7660,-1.49,UNSP,UNSP,UNSP,unkn,UNSP,UNSP,UNSP,
USGS,11455315,232,2016-10-25 12:18:10,PST,Yes,"RPJ,NVB",USGS,22.73,-10600,Poor,,,,NONE,1,LIB,MBOT,QADCP,VADCP,-10600,597,7250,-1.46,UNSP,UNSP,UNSP,unkn,UNSP,UNSP,UNSP,
USGS,11455315,233,2016-10-25 12:49:20,PST,Yes,"RPJ,NVB",USGS,22.96,-10200,Poor,,,,NONE,1,LIB,MBOT,QADCP,VADCP,-10200,589,7740,-1.32,UNSP,UNSP,UNSP,unkn,UNSP,UNSP,UNSP,
USGS,11455315,234,2016-10-25 12:56:17,PST,Yes,"RPJ,NVB",USGS,23.06,-9860,Poor,,,,NONE,1,LIB,MBOT,QADCP,VADCP,-9860,607,7810,-1.26,UNSP,UNSP,UNSP,unkn,UNSP,UNSP,UNSP,
USGS,11455315,235,2016-10-25 13:03:18,PST,Yes,"RPJ,NVB",USGS,23.06,-9050,Poor,,,,NONE,1,LIB,MBOT,QADCP,VADCP,-9050,591,8010,-1.13,UNSP,UNSP,UNSP,unkn,UNSP,UNSP,UNSP,
USGS,11455315,236,2016-10-25 13:10:26,PST,Yes,"RPJ,NVB",USGS,23.14,-8540,Poor,,,,NONE,1,LIB,MBOT,QADCP,VADCP,-8540,588,7630,-1.12,UNSP,UNSP,UNSP,unkn,UNSP,UNSP,UNSP,
USGS,11455315,237,2016-10-25 13:16:33,PST,Yes,"RPJ,NVB",USGS,23.14,-8450,Poor,,,,NONE,1,LIB,MBOT,QADCP,VADCP,-8450,585,7800,-1.08,UNSP,UNSP,UNSP,unkn,UNSP,UNSP,UNSP,
USGS,11455315,238,2016-10-25 13:21:54,PST,Yes,"RPJ,NVB",USGS,23.18,-8490,Poor,,,,NONE,1,LIB,MBOT,QADCP,VADCP,-8490,582,7410,-1.15,UNSP,UNSP,UNSP,unkn,UNSP,UNSP,UNSP,
USGS,11455315,239,2016-10-25 13:28:59,PST,Yes,"RPJ,NVB",USGS,23.22,-7530,Poor,,,,NONE,1,LIB,MBOT,QADCP,VADCP,-7530,606,7930,-0.95,UNSP,UNSP,UNSP,unkn,UNSP,UNSP,UNSP,
USGS,11455315,240,2016-10-25 13:36:36,PST,Yes,"RPJ,NVB",USGS,23.25,-7040,Poor,,,,NONE,1,LIB,MBOT,QADCP,VADCP,-7040,599,7360,-0.96,UNSP,UNSP,UNSP,unkn,UNSP,UNSP,UNSP,
USGS,11455315,241,2016-10-25 13:54:00,PST,Yes,"RPJ,NVB",USGS,23.30,-4900,Poor,,,,NONE,1,LIB,MBOT,QADCP,VADCP,-4900,583,9390,-0.52,UNSP,UNSP,UNSP,unkn,UNSP,UNSP,UNSP,
USGS,11455315,242,2016-10-25 14:01:08,PST,Yes,"RPJ,NVB",USGS,23.30,-4180,Poor,,,,NONE,1,LIB,MBOT,QADCP,VADCP,-4180,595,8630,-0.48,UNSP,UNSP,UNSP,unkn,UNSP,UNSP,UNSP,
USGS,11455315,243,2016-10-25 14:06:50,PST,Yes,"RPJ,NVB",USGS,23.30,-3360,Poor,,,,NONE,1,LIB,MBOT,QADCP,VADCP,-3360,592,7910,-0.43,UNSP,UNSP,UNSP,unkn,UNSP,UNSP,UNSP,
USGS,11455315,244,2016-10-25 14:12:46,PST,Yes,"RPJ,NVB",USGS,23.30,-2120,Poor,,,,NONE,1,LIB,MBOT,QADCP,VADCP,-2120,595,7190,-0.30,UNSP,UNSP,UNSP,unkn,UNSP,UNSP,UNSP,
USGS,11455315,245,2016-10-25 14:18:39,PST,Yes,"RPJ,NVB",USGS,23.30,-1100,Poor,,,,NONE,1,LIB,MBOT,QADCP,VADCP,-1100,604,8370,-0.13,UNSP,UNSP,UNSP,unkn,UNSP,UNSP,UNSP,
USGS,11455315,246,2016-10-25 14:23:46,PST,Yes,"RPJ,NVB",USGS,23.29,-313,Poor,,,,NONE,1,LIB,MBOT,QADCP,VADCP,-313,598,7680,-0.04,UNSP,UNSP,UNSP,unkn,UNSP,UNSP,UNSP,
USGS,11455315,247,2016-10-25 14:28:54,PST,Yes,"RPJ,NVB",USGS,23.27,1220,Poor,,,,NONE,1,LIB,MBOT,QADCP,VADCP,1220,595,8240,0.15,UNSP,UNSP,UNSP,unkn,UNSP,UNSP,UNSP,
USGS,11455315,248,2016-10-25 14:33:58,PST,Yes,"RPJ,NVB",USGS,23.27,2190,Poor,,,,NONE,1,LIB,MBOT,QADCP,VADCP,2190,587,7180,0.31,UNSP,UNSP,UNSP,unkn,UNSP,UNSP,UNSP,
USGS,11455315,249,2016-11-03 09:30:08,PST,Yes,"RPJ,NVB",USGS,22.08,6450,Poor,,,,NONE,1,LIB,MBOT,QADCP,VADCP,6450,605,6860,0.94,FIRM,silt,UNEV,unkn,EVEN,UNKN,DNST,250.00
USGS,11455315,250,2016-11-03 09:35:04,PST,Yes,"RPJ,NVB",USGS,22.04,7900,Poor,,,,NONE,1,LIB,MBOT,QADCP,VADCP,7900,604,7030,1.12,UNSP,UNSP,UNSP,unkn,UNSP,UNSP,UNSP,
USGS,11455315,251,2016-11-03 09:40:48,PST,Yes,"RPJ,NVB",USGS,21.98,7870,Poor,,,,NONE,1,LIB,MBOT,QADCP,VADCP,7870,604,6820,1.15,UNSP,UNSP,UNSP,unkn,UNSP,UNSP,UNSP,
USGS,11455315,252,2016-11-03 09:46:48,PST,Yes,"RPJ,NVB",USGS,21.92,8120,Poor,,,,NONE,1,LIB,MBOT,QADCP,VADCP,8120,603,6750,1.20,UNSP,UNSP,UNSP,unkn,UNSP,UNSP,UNSP,
USGS,11455315,253,2016-11-03 09:53:08,PST,Yes,"RPJ,NVB",USGS,21.87,8230,Poor,,,,NONE,1,LIB,MBOT,QADCP,VADCP,8230,599,6640,1.24,UNSP,UNSP,UNSP,unkn,UNSP,UNSP,UNSP,
USGS,11455315,254,2016-11-03 09:59:58,PST,Yes,"RPJ,NVB",USGS,21.81,7950,Poor,,,,NONE,1,LIB,MBOT,QADCP,VADCP,7950,600,6620,1.20,UNSP,UNSP,UNSP,unkn,UNSP,UNSP,UNSP,
USGS,11455315,255,2016-11-03 10:07:20,PST,Yes,"RPJ,NVB",USGS,21.74,7560,Poor,,,,NONE,1,LIB,MBOT,QADCP,VADCP,7560,601,6650,1.14,UNSP,UNSP,UNSP,unkn,UNSP,UNSP,UNSP,
USGS,11455315,256,2016-11-03 10:14:39,PST,Yes,"RPJ,NVB",USGS,21.68,7160,Poor,,,,NONE,1,LIB,MBOT,QADCP,VADCP,7160,588,6310,1.14,UNSP,UNSP,UNSP,unkn,UNSP,UNSP,UNSP,
USGS,11455315,257,2016-11-03 10:21:37,PST,Yes,"RPJ,NVB",USGS,21.61,7200,Poor,,,,NONE,1,LIB,MBOT,QADCP,VADCP,7200,579,6190,1.16,UNSP,UNSP,UNSP,unkn,UNSP,UNSP,UNSP,
USGS,11455315,258,2016-11-03 10:28:43,PST,Yes,"RPJ,NVB",USGS,21.55,7170,Poor,,,,NONE,1,LIB,MBOT,QADCP,VADCP,7170,580,6290,1.14,UNSP,UNSP,UNSP,unkn,UNSP,UNSP,UNSP,
USGS,11455315,259,2016-11-03 10:36:53,PST,Yes,"RPJ,NVB",USGS,21.48,7260,Poor,,,,NONE,1,LIB,MBOT,QADCP,VADCP,7260,584,6140,1.18,UNSP,UNSP,UNSP,unkn,UNSP,UNSP,UNSP,
USGS,11455315,260,2016-11-03 10:45:44,PST,Yes,"RPJ,NVB",USGS,21.42,6950,Poor,,,,NONE,1,LIB,MBOT,QADCP,VADCP,6950,589,6200,1.12,UNSP,UNSP,UNSP,unkn,UNSP,UNSP,UNSP,
USGS,11455315,261,2016-11-03 10:53:36,PST,Yes,"RPJ,NVB",USGS,21.36,6610,Poor,,,,NONE,1,LIB,MBOT,QADCP,VADCP,6610,589,6520,1.01,UNSP,UNSP,UNSP,unkn,UNSP,UNSP,UNSP,
USGS,11455315,262,2016-11-03 11:01:22,PST,Yes,"RPJ,NVB",USGS,21.30,6360,Poor,,,,NONE,1,LIB,MBOT,QADCP,VADCP,6360,591,6090,1.04,UNSP,UNSP,UNSP,unkn,UNSP,UNSP,UNSP,
USGS,11455315,263,2016-11-03 11:09:28,PST,Yes,"RPJ,NVB",USGS,21.25,6320,Poor,,,,NONE,1,LIB,MBOT,QADCP,VADCP,6320,599,6650,0.95,UNSP,UNSP,UNSP,unkn,UNSP,UNSP,UNSP,
USGS,11455315,264,2016-11-03 11:17:02,PST,Yes,"RPJ,NVB",USGS,21.19,5930,Poor,,,,NONE,1,LIB,MBOT,QADCP,VADCP,5930,589,6380,0.93,UNSP,UNSP,UNSP,unkn,UNSP,UNSP,UNSP,
USGS,11455315,265,2016-11-03 11:25:07,PST,Yes,"RPJ,NVB",USGS,21.15,5570,Poor,,,,NONE,1,LIB,MBOT,QADCP,VADCP,5570,583,6630,0.84,UNSP,UNSP,UNSP,unkn,UNSP,UNSP,UNSP,
USGS,11455315,266,2016-11-03 11:34:41,PST,Yes,"RPJ,NVB",USGS,21.10,4990,Poor,,,,NONE,1,LIB,MBOT,QADCP,VADCP,4990,593,6550,0.76,UNSP,UNSP,UNSP,unkn,UNSP,UNSP,UNSP,
USGS,11455315,267,2016-11-03 11:43:46,PST,Yes,"RPJ,NVB",USGS,21.06,4380,Poor,,,,NONE,1,LIB,MBOT,QADCP,VADCP,4380,589,6160,0.71,UNSP,UNSP,UNSP,unkn,UNSP,UNSP,UNSP,
USGS,11455315,268,2016-11-03 11:51:29,PST,Yes,"RPJ,NVB",USGS,21.03,4080,Poor,,,,NONE,1,LIB,MBOT,QADCP,VADCP,4080,601,5930,0.69,UNSP,UNSP,UNSP,unkn,UNSP,UNSP,UNSP,
USGS,11455315,269,2016-11-03 12:00:04,PST,Yes,"RPJ,NVB",USGS,21.00,3500,Poor,,,,NONE,1,LIB,MBOT,QADCP,VADCP,3500,581,6300,0.56,UNSP,UNSP,UNSP,unkn,UNSP,UNSP,UNSP,
USGS,11455315,270,2016-11-03 12:08:21,PST,Yes,"RPJ,NVB",USGS,20.98,2930,Poor,,,,NONE,1,LIB,MBOT,QADCP,VADCP,2930,592,5810,0.50,UNSP,UNSP,UNSP,unkn,UNSP,UNSP,UNSP,
USGS,11455315,271,2016-11-03 12:15:58,PST,Yes,"RPJ,NVB",USGS,20.97,2250,Poor,,,,NONE,1,LIB,MBOT,QADCP,VADCP,2250,577,6320,0.36,UNSP,UNSP,UNSP,unkn,UNSP,UNSP,UNSP,
USGS,11455315,272,2016-11-03 12:23:05,PST,Yes,"RPJ,NVB",USGS,20.97,1800,Poor,,,,NONE,1,LIB,MBOT,QADCP,VADCP,1800,598,6110,0.29,UNSP,UNSP,UNSP,unkn,UNSP,UNSP,UNSP,
USGS,11455315,273,2017-01-13 11:21:59,PST,Yes,"tv,rj",USGS,27.32,36300,Unspecified,,,,NONE,1,Cache Slough @ S. Liberty Island,MBOT,QADCP,VADCP,36300,670,9640,3.76,FIRM,silt,UNEV,unkn,UNSP,UNKN,DNST,30.00
USGS,11455315,274,2017-01-13 11:30:05,PST,Yes,"tv,rj",USGS,27.28,36900,Unspecified,,,,NONE,1,Cache Slough @ S. Liberty Island,MBOT,QADCP,VADCP,36900,674,10100,3.65,UNSP,UNSP,UNSP,unkn,UNSP,UNSP,UNSP,
USGS,11455315,275,2017-01-13 11:54:42,PST,Yes,"tv,rj",USGS,27.25,35300,Unspecified,,,,NONE,1,Cache Slough @ S. Liberty Island,MBOT,QADCP,VADCP,35300,682,9890,3.57,UNSP,UNSP,UNSP,unkn,UNSP,UNSP,UNSP,
USGS,11455315,276,2017-01-13 12:01:11,PST,Yes,"tv,rj",USGS,27.28,34100,Unspecified,,,,NONE,1,Cache Slough @ S. Liberty Island,MBOT,QADCP,VADCP,34100,631,10100,3.36,UNSP,UNSP,UNSP,unkn,UNSP,UNSP,UNSP,
USGS,11455315,277,2017-01-13 12:12:40,PST,Yes,"tv,rj",USGS,27.26,36900,Unspecified,,,,NONE,1,Cache Slough @ S. Liberty Island,MBOT,QADCP,VADCP,36900,677,10100,3.64,UNSP,UNSP,UNSP,unkn,UNSP,UNSP,UNSP,
USGS,11455315,278,2017-01-13 12:19:30,PST,Yes,"tv,rj",USGS,27.23,34100,Unspecified,,,,NONE,1,*End Time:,MBOT,QADCP,VADCP,34100,671,10500,3.25,UNSP,UNSP,UNSP,unkn,UNSP,UNSP,UNSP,
USGS,11455315,279,2017-01-24 10:46:10,PST,Yes,RPJ/BTG,USGS,24.55,14500,Unspecified,,,,NONE,1,Cache Slough at S. Liberty Island,MBOT,QADCP,VADCP,14500,675,9050,1.60,FIRM,silt,UNEV,unkn,UNSP,UNKN,DNST,30.00
USGS,11455315,280,2017-01-24 10:55:20,PST,Yes,RPJ/BTG,USGS,24.61,14300,Unspecified,,,,NONE,1,Cache Slough at S. Liberty Island,MBOT,QADCP,VADCP,14300,674,8390,1.71,UNSP,UNSP,UNSP,unkn,UNSP,UNSP,UNSP,
USGS,11455315,281,2017-01-24 11:03:09,PST,Yes,RPJ/BTG,USGS,24.66,13900,Unspecified,,,,NONE,1,Cache Slough at S. Liberty Island,MBOT,QADCP,VADCP,13900,677,8630,1.61,UNSP,UNSP,UNSP,unkn,UNSP,UNSP,UNSP,
USGS,11455315,282,2017-01-24 11:10:41,PST,Yes,RPJ/BTG,USGS,24.69,13800,Unspecified,,,,NONE,1,Cache Slough at S. Liberty Island,MBOT,QADCP,VADCP,13800,672,8380,1.64,UNSP,UNSP,UNSP,unkn,UNSP,UNSP,UNSP,
USGS,11455315,283,2017-01-24 11:18:34,PST,Yes,RPJ/BTG,USGS,24.74,13900,Unspecified,,,,NONE,1,Cache Slough at S. Liberty Island,MBOT,QADCP,VADCP,13900,677,8570,1.62,UNSP,UNSP,UNSP,unkn,UNSP,UNSP,UNSP,
USGS,11455315,284,2017-01-24 11:26:19,PST,Yes,RPJ/BTG,USGS,24.80,13000,Unspecified,,,,NONE,1,Cache Slough at S. Liberty Island,MBOT,QADCP,VADCP,13000,674,8820,1.48,UNSP,UNSP,UNSP,unkn,UNSP,UNSP,UNSP,
USGS,11455315,285,2017-01-24 11:34:03,PST,Yes,RPJ/BTG,USGS,24.85,12800,Unspecified,,,,NONE,1,Cache Slough at S. Liberty Island,MBOT,QADCP,VADCP,12800,677,9050,1.42,UNSP,UNSP,UNSP,unkn,UNSP,UNSP,UNSP,
USGS,11455315,286,2017-01-24 11:41:43,PST,Yes,RPJ/BTG,USGS,24.88,13500,Unspecified,,,,NONE,1,Cache Slough at S. Liberty Island,MBOT,QADCP,VADCP,13500,675,8750,1.54,UNSP,UNSP,UNSP,unkn,UNSP,UNSP,UNSP,
USGS,11455315,287,2017-01-24 11:48:42,PST,Yes,RPJ/BTG,USGS,24.93,13500,Unspecified,,,,NONE,1,Cache Slough at S. Liberty Island,MBOT,QADCP,VADCP,13500,681,8810,1.53,UNSP,UNSP,UNSP,unkn,UNSP,UNSP,UNSP,
USGS,11455315,288,2017-01-24 11:55:59,PST,Yes,RPJ/BTG,USGS,24.97,12500,Unspecified,,,,NONE,1,Cache Slough at S. Liberty Island,MBOT,QADCP,VADCP,12500,677,9100,1.37,UNSP,UNSP,UNSP,unkn,UNSP,UNSP,UNSP,
USGS,11455315,289,2017-01-24 12:04:04,PST,Yes,RPJ/BTG,USGS,25.01,12800,Unspecified,,,,NONE,1,Cache Slough at S. Liberty Island,MBOT,QADCP,VADCP,12800,679,9030,1.42,UNSP,UNSP,UNSP,unkn,UNSP,UNSP,UNSP,
USGS,11455315,290,2017-01-24 12:11:36,PST,Yes,RPJ/BTG,USGS,25.06,12900,Unspecified,,,,NONE,1,Cache Slough at S. Liberty Island,MBOT,QADCP,VADCP,12900,677,8820,1.46,UNSP,UNSP,UNSP,unkn,UNSP,UNSP,UNSP,
USGS,11455315,291,2017-01-24 12:17:40,PST,Yes,RPJ/BTG,USGS,25.09,13000,Unspecified,,,,NONE,1,Cache Slough at S. Liberty Island,MBOT,QADCP,VADCP,13000,680,9260,1.41,UNSP,UNSP,UNSP,unkn,UNSP,UNSP,UNSP,
USGS,11455315,292,2017-01-24 12:23:19,PST,Yes,RPJ/BTG,USGS,25.12,12900,Unspecified,,,,NONE,1,Cache Slough at S. Liberty Island,MBOT,QADCP,VADCP,12900,679,9250,1.40,UNSP,UNSP,UNSP,unkn,UNSP,UNSP,UNSP,
USGS,11455315,293,2017-05-17 10:12:40,PST,Yes,"RPJ, CV",USGS,22.44,6740,Unspecified,,,,NONE,1,Cache Slough @ S. Liberty Island.,MBOT,QADCP,VADCP,6740,636,6750,1.00,FIRM,silt,UNEV,unkn,UNSP,UNKN,DNST,30.00
USGS,11455315,294,2017-05-17 10:19:11,PST,Yes,"RPJ, CV",USGS,22.39,6660,Unspecified,,,,NONE,1,Cache Slough @ S. Liberty Island.,MBOT,QADCP,VADCP,6660,626,7010,0.95,UNSP,UNSP,UNSP,unkn,UNSP,UNSP,UNSP,
USGS,11455315,295,2017-05-17 10:26:44,PST,Yes,"RPJ, CV",USGS,22.34,7100,Unspecified,,,,NONE,1,Cache Slough @ S. Liberty Island.,MBOT,QADCP,VADCP,7100,625,7750,0.92,UNSP,UNSP,UNSP,unkn,UNSP,UNSP,UNSP,
USGS,11455315,296,2017-05-17 10:34:22,PST,Yes,"RPJ, CV",USGS,22.28,7070,Unspecified,,,,NONE,1,Cache Slough @ S. Liberty Island.,MBOT,QADCP,VADCP,7070,610,7600,0.93,UNSP,UNSP,UNSP,unkn,UNSP,UNSP,UNSP,
USGS,11455315,297,2017-05-17 10:41:24,PST,Yes,"RPJ, CV",USGS,22.23,7210,Unspecified,,,,NONE,1,Cache Slough @ S. Liberty Island,MBOT,QADCP,VADCP,7210,604,7540,0.96,UNSP,UNSP,UNSP,unkn,UNSP,UNSP,UNSP,
USGS,11455315,298,2017-05-17 10:48:12,PST,Yes,"RPJ, CV",USGS,22.17,6780,Unspecified,,,,NONE,1,Cache Slough @ S. Liberty Island,MBOT,QADCP,VADCP,6780,657,6990,0.97,UNSP,UNSP,UNSP,unkn,UNSP,UNSP,UNSP,
USGS,11455315,299,2017-05-17 10:54:44,PST,Yes,"RPJ, CV",USGS,22.14,7450,Unspecified,,,,NONE,1,Cache Slough @ S. Liberty Island,MBOT,QADCP,VADCP,7450,659,6740,1.10,UNSP,UNSP,UNSP,unkn,UNSP,UNSP,UNSP,
USGS,11455315,300,2017-05-17 11:01:14,PST,Yes,"RPJ, CV",USGS,22.12,7250,Unspecified,,,,NONE,1,Cache Slough @ S. Liberty Island,MBOT,QADCP,VADCP,7250,601,7220,1.00,UNSP,UNSP,UNSP,unkn,UNSP,UNSP,UNSP,
USGS,11455315,301,2017-05-17 11:12:40,PST,Yes,"RPJ, CV",USGS,21.97,7650,Unspecified,,,,NONE,1,Cache Slough @ S. Liberty Island,MBOT,QADCP,VADCP,7650,614,6700,1.14,UNSP,UNSP,UNSP,unkn,UNSP,UNSP,UNSP,
USGS,11455315,302,2017-05-17 11:18:48,PST,Yes,"RPJ, CV",USGS,21.92,7390,Unspecified,,,,NONE,1,Cache Slough @ S. Liberty Island,MBOT,QADCP,VADCP,7390,616,7430,1.00,UNSP,UNSP,UNSP,unkn,UNSP,UNSP,UNSP,
USGS,11455315,303,2017-09-18 13:33:52,PST,Yes,"TV,RJ",USGS,22.49,-12900,Unspecified,,,,NONE,1,Cache Slough A S Liberty Island,MBOT,QADCP,VADCP,-12900,622,7010,-1.85,SOFT,silt,UNEV,unkn,UNSP,UNKN,DNST,40.00
USGS,11455315,304,2017-09-18 13:39:36,PST,Yes,"TV,RJ",USGS,22.54,-12800,Unspecified,,,,NONE,1,Cache Slough A S Liberty Island,MBOT,QADCP,VADCP,-12800,611,6740,-1.90,UNSP,UNSP,UNSP,unkn,UNSP,UNSP,UNSP,
USGS,11455315,305,2017-09-18 13:45:03,PST,Yes,"TV,RJ",USGS,22.60,-12800,Unspecified,,,,NONE,1,Cache Slough A S Liberty Island,MBOT,QADCP,VADCP,-12800,625,6990,-1.83,UNSP,UNSP,UNSP,unkn,UNSP,UNSP,UNSP,
USGS,11455315,306,2017-09-18 13:51:04,PST,Yes,"TV,RJ",USGS,22.66,-12800,Unspecified,,,,NONE,1,Cache Slough A S Liberty Island,MBOT,QADCP,VADCP,-12800,634,7830,-1.63,UNSP,UNSP,UNSP,unkn,UNSP,UNSP,UNSP,
USGS,11455315,307,2017-09-18 13:56:55,PST,Yes,"TV,RJ",USGS,22.72,-12700,Unspecified,,,,NONE,1,Cache Slough A S Liberty Island,MBOT,QADCP,VADCP,-12700,626,7340,-1.73,UNSP,UNSP,UNSP,unkn,UNSP,UNSP,UNSP,
USGS,11455315,308,2017-09-18 14:02:58,PST,Yes,"TV,RJ",USGS,22.77,-12500,Unspecified,,,,NONE,1,Cache Slough A S Liberty Island,MBOT,QADCP,VADCP,-12500,606,6970,-1.80,UNSP,UNSP,UNSP,unkn,UNSP,UNSP,UNSP,
USGS,11455315,309,2017-11-27 11:20:54,PST,Yes,"CV,RPJ",USGS,23.00,-8720,Unspecified,,,,NONE,1,CACHE SLOUGH A S LIBERTY ISLAND NR RIO VISTA CA,MBOT,QADCP,VADCP,-8720,689,8250,-1.06,SOFT,silt,UNEV,unkn,UNSP,UNKN,DNST,30.00
USGS,11455315,310,2017-11-27 11:27:26,PST,Yes,"CV,RPJ",USGS,23.03,-8140,Unspecified,,,,NONE,1,CACHE SLOUGH A S LIBERTY ISLAND NR RIO VISTA CA,MBOT,QADCP,VADCP,-8140,665,7620,-1.07,UNSP,UNSP,UNSP,unkn,UNSP,UNSP,UNSP,
USGS,11455315,311,2017-11-27 11:37:35,PST,Yes,"CV,RPJ",USGS,23.08,-6740,Unspecified,,,,NONE,1,CACHE SLOUGH A S LIBERTY ISLAND NR RIO VISTA CA,MBOT,QADCP,VADCP,-6740,675,8180,-0.82,UNSP,UNSP,UNSP,unkn,UNSP,UNSP,UNSP,
USGS,11455315,312,2017-11-27 11:47:42,PST,Yes,"CV,RPJ",USGS,23.11,-6230,Unspecified,,,,NONE,1,CACHE SLOUGH A S LIBERTY ISLAND NR RIO VISTA CA,MBOT,QADCP,VADCP,-6230,679,7740,-0.80,UNSP,UNSP,UNSP,unkn,UNSP,UNSP,UNSP,
USGS,11455315,313,2017-11-27 11:56:07,PST,Yes,"CV,RPJ",USGS,23.14,-5320,Unspecified,,,,NONE,1,CACHE SLOUGH A S LIBERTY ISLAND NR RIO VISTA CA,MBOT,QADCP,VADCP,-5320,691,9300,-0.57,UNSP,UNSP,UNSP,unkn,UNSP,UNSP,UNSP,
USGS,11455315,314,2017-11-27 12:05:15,PST,Yes,"CV,RPJ",USGS,23.15,-4330,Unspecified,,,,NONE,1,CACHE SLOUGH A S LIBERTY ISLAND NR RIO VISTA CA,MBOT,QADCP,VADCP,-4330,665,7810,-0.56,UNSP,UNSP,UNSP,unkn,UNSP,UNSP,UNSP,
USGS,11455315,315,2018-01-25 11:09:50,PST,Yes,"RPJ,NVB",USGS,23.56,-2490,Unspecified,,,,NONE,1,CACHE SLOUGH A S LIBERTY ISLAND NR RIO VISTA CA,MBOT,QADCP,VADCP,-2490,676,7930,-0.31,SOFT,silt,EVEN,STDY,UNSP,UNKN,DNST,25.00
USGS,11455315,316,2018-01-25 11:19:08,PST,Yes,"RPJ,NVB",USGS,23.54,-696,Unspecified,,,,NONE,1,CACHE SLOUGH A S LIBERTY ISLAND NR RIO VISTA CA,MBOT,QADCP,VADCP,-696,677,7910,-0.09,UNSP,UNSP,UNSP,UNSP,UNSP,UNSP,UNSP,
USGS,11455315,317,2018-01-25 11:29:26,PST,Yes,"RPJ,NVB",USGS,23.50,2520,Unspecified,,,,NONE,1,CACHE SLOUGH A S LIBERTY ISLAND NR RIO VISTA CA,MBOT,QADCP,VADCP,2520,696,8570,0.29,UNSP,UNSP,UNSP,UNSP,UNSP,UNSP,UNSP,
USGS,11455315,318,2018-01-25 11:38:49,PST,Yes,"RPJ,NVB",USGS,23.45,4630,Unspecified,,,,NONE,1,CACHE SLOUGH A S LIBERTY ISLAND NR RIO VISTA CA,MBOT,QADCP,VADCP,4630,661,8070,0.57,UNSP,UNSP,UNSP,UNSP,UNSP,UNSP,UNSP,
USGS,11455315,319,2018-01-25 11:48:20,PST,Yes,"RPJ,NVB",USGS,,6090,Unspecified,,,,NONE,1,CACHE SLOUGH A S LIBERTY ISLAND NR RIO VISTA CA,MBOT,QADCP,VADCP,6090,661,8120,0.75,UNSP,UNSP,UNSP,UNSP,UNSP,UNSP,UNSP,
USGS,11455315,320,2018-01-25 11:58:16,PST,Yes,"RPJ,NVB",USGS,23.33,7710,Unspecified,,,,NONE,1,CACHE SLOUGH A S LIBERTY ISLAND NR RIO VISTA CA,MBOT,QADCP,VADCP,7710,684,9070,0.85,UNSP,UNSP,UNSP,UNSP,UNSP,UNSP,UNSP,
USGS,11455315,321,2018-04-03 10:05:40,PST,Yes,"RPJ,CC",USGS,21.79,11500,Unspecified,,,,NONE,1,CACHE SLOUGH A S LIBERTY ISLAND NR RIO VISTA CA,MBOT,QADCP,VADCP,11500,593,6220,1.84,SOFT,silt,UNEV,STDY,UNSP,UNKN,DNST,30.00
USGS,11455315,322,2018-04-03 10:11:43,PST,Yes,"RPJ,CC",USGS,21.73,11200,Unspecified,,,,NONE,1,CACHE SLOUGH A S LIBERTY ISLAND NR RIO VISTA CA,MBOT,QADCP,VADCP,11200,614,6780,1.65,UNSP,UNSP,UNSP,UNSP,UNSP,UNSP,UNSP,
USGS,11455315,323,2018-04-03 10:17:30,PST,Yes,"RPJ,CC",USGS,21.66,11200,Unspecified,,,,NONE,1,CACHE SLOUGH A S LIBERTY ISLAND NR RIO VISTA CA,MBOT,QADCP,VADCP,11200,596,6160,1.82,UNSP,UNSP,UNSP,UNSP,UNSP,UNSP,UNSP,
USGS,11455315,324,2018-04-03 10:23:57,PST,Yes,"RPJ,CC",USGS,21.58,11400,Unspecified,,,,NONE,1,CACHE SLOUGH A S LIBERTY ISLAND NR RIO VISTA CA,MBOT,QADCP,VADCP,11400,590,6130,1.86,UNSP,UNSP,UNSP,UNSP,UNSP,UNSP,UNSP,
USGS,11455315,325,2018-04-03 10:30:16,PST,Yes,"RPJ,CC",USGS,21.52,11300,Unspecified,,,,NONE,1,CACHE SLOUGH A S LIBERTY ISLAND NR RIO VISTA CA,MBOT,QADCP,VADCP,11300,591,6090,1.86,UNSP,UNSP,UNSP,UNSP,UNSP,UNSP,UNSP,
USGS,11455315,326,2018-04-03 10:37:36,PST,Yes,"RPJ,CC",USGS,21.43,11300,Unspecified,,,,NONE,1,CACHE SLOUGH A S LIBERTY ISLAND NR RIO VISTA CA,MBOT,QADCP,VADCP,11300,596,6090,1.86,UNSP,UNSP,UNSP,UNSP,UNSP,UNSP,UNSP,
USGS,11455315,327,2018-09-13 11:48:03,PST,Yes,JH/RJ/HR,USGS,20.83,6780,Unspecified,,,,NONE,1,CACHE SLOUGH A S LIBERTY ISLAND NR RIO VISTA CA,MBOT,QADCP,VADCP,6780,563,5740,1.18,SOFT,silt,UNEV,STDY,EVEN,UNFM,DNST,25.00
USGS,11455315,328,2018-09-13 11:59:10,PST,Yes,JH/RJ/HR,USGS,20.73,6300,Unspecified,,,,NONE,1,CACHE SLOUGH A S LIBERTY ISLAND NR RIO VISTA CA,MBOT,QADCP,VADCP,6300,593,6030,1.04,UNSP,UNSP,UNSP,UNSP,UNSP,UNSP,UNSP,
USGS,11455315,329,2018-09-13 12:36:30,PST,Yes,JH/RJ/HR,USGS,20.44,5120,Unspecified,,,,NONE,1,CACHE SLOUGH A S LIBERTY ISLAND NR RIO VISTA CA,MBOT,QADCP,VADCP,5120,564,5430,0.94,UNSP,UNSP,UNSP,UNSP,UNSP,UNSP,UNSP,
USGS,11455315,330,2018-09-13 12:40:31,PST,Yes,JH/RJ/HR,USGS,20.42,5010,Unspecified,,,,NONE,1,CACHE SLOUGH A S LIBERTY ISLAND NR RIO VISTA CA,MBOT,QADCP,VADCP,5010,629,5550,0.90,UNSP,UNSP,UNSP,UNSP,UNSP,UNSP,UNSP,
USGS,11455315,331,2018-09-13 12:45:26,PST,Yes,JH/RJ/HR,USGS,20.38,4980,Unspecified,,,,NONE,1,CACHE SLOUGH A S LIBERTY ISLAND NR RIO VISTA CA,MBOT,QADCP,VADCP,4980,602,5420,0.92,UNSP,UNSP,UNSP,UNSP,UNSP,UNSP,UNSP,
USGS,11455315,332,2018-09-13 12:51:02,PST,Yes,JH/RJ/HR,USGS,20.36,4690,Unspecified,,,,NONE,1,CACHE SLOUGH A S LIBERTY ISLAND NR RIO VISTA CA,MBOT,QADCP,VADCP,4690,590,5280,0.89,UNSP,UNSP,UNSP,UNSP,UNSP,UNSP,UNSP,
USGS,11455315,333,2018-11-13 10:01:11,PST,Yes,JH/RJ,USGS,22.40,-2270,Unspecified,,,,NONE,1,CACHE SLOUGH A S LIBERTY ISLAND NR RIO VISTA CA,MBOT,QADCP,VADCP,-2270,680,7340,-0.31,SOFT,silt,UNEV,STDY,EVEN,UNKN,DNST,25.00
USGS,11455315,334,2018-11-13 10:07:12,PST,Yes,JH/RJ,USGS,22.40,-1360,Unspecified,,,,NONE,1,CACHE SLOUGH A S LIBERTY ISLAND NR RIO VISTA CA,MBOT,QADCP,VADCP,-1360,721,7000,-0.19,UNSP,UNSP,UNSP,UNSP,UNSP,UNSP,UNSP,
USGS,11455315,335,2018-11-13 10:11:51,PST,Yes,JH/RJ,USGS,22.40,-1150,Unspecified,,,,NONE,1,CACHE SLOUGH A S LIBERTY ISLAND NR RIO VISTA CA,MBOT,QADCP,VADCP,-1150,679,7510,-0.15,UNSP,UNSP,UNSP,UNSP,UNSP,UNSP,UNSP,
USGS,11455315,336,2018-11-13 10:17:17,PST,Yes,JH/RJ,USGS,22.40,-783,Unspecified,,,,NONE,1,CACHE SLOUGH A S LIBERTY ISLAND NR RIO VISTA CA,MBOT,QADCP,VADCP,-783,683,6680,-0.12,UNSP,UNSP,UNSP,UNSP,UNSP,UNSP,UNSP,
USGS,11455315,337,2018-11-13 10:22:06,PST,Yes,JH/RJ,USGS,22.39,72.1,Unspecified,,,,NONE,1,CACHE SLOUGH A S LIBERTY ISLAND NR RIO VISTA CA,MBOT,QADCP,VADCP,72.1,714,7140,0.01,UNSP,UNSP,UNSP,UNSP,UNSP,UNSP,UNSP,
USGS,11455315,338,2018-11-13 10:27:21,PST,Yes,JH/RJ,USGS,22.38,603,Unspecified,,,,NONE,1,CACHE SLOUGH A S LIBERTY ISLAND NR RIO VISTA CA,MBOT,QADCP,VADCP,603,678,7270,0.08,UNSP,UNSP,UNSP,UNSP,UNSP,UNSP,UNSP,
USGS,11455315,339,2019-02-19 10:07:18,PST,Yes,JH/NS,USGS,22.70,17600,Fair,,,,NONE,1,LIB Main Channel,MBOT,QADCP,VADCP,17600,669,6790,2.60,FIRM,silt,UNEV,STDY,UNEV,UNFM,DNST,20.00
USGS,11455315,340,2019-02-19 10:14:43,PST,Yes,JH/NS,USGS,22.66,17200,Fair,,,,NONE,1,002,MBOT,QADCP,VADCP,17200,672,7220,2.39,UNSP,UNSP,UNSP,UNSP,UNSP,UNSP,UNSP,
USGS,11455315,341,2019-02-19 10:21:14,PST,Yes,JH/NS,USGS,22.62,17000,Fair,,,,NONE,1,003,MBOT,QADCP,VADCP,17000,669,6700,2.54,UNSP,UNSP,UNSP,UNSP,UNSP,UNSP,UNSP,
USGS,11455315,342,2019-02-19 10:27:00,PST,Yes,JH/NS,USGS,22.61,15700,Fair,,,,NONE,1,004,MBOT,QADCP,VADCP,15700,657,7320,2.15,UNSP,UNSP,UNSP,UNSP,UNSP,UNSP,UNSP,
USGS,11455315,343,2019-02-19 10:32:31,PST,Yes,JH/NS,USGS,22.59,16900,Fair,,,,NONE,1,005,MBOT,QADCP,VADCP,16900,672,6910,2.44,UNSP,UNSP,UNSP,UNSP,UNSP,UNSP,UNSP,
USGS,11455315,344,2019-02-19 10:38:08,PST,Yes,JH/NS,USGS,22.58,15400,Fair,,,,NONE,1,006,MBOT,QADCP,VADCP,15400,666,7490,2.06,UNSP,UNSP,UNSP,UNSP,UNSP,UNSP,UNSP,
USGS,11455315,345,2019-04-01 10:14:49,PST,Yes,"JH, ZH",USGS,22.03,-1090,Fair,,,,NONE,1,LIB Main Channel,MBOT,QADCP,VADCP,-1090,684,7450,-0.15,FIRM,BLDR,UNEV,STDY,EVEN,UNFM,DNST,40.00
USGS,11455315,346,2019-04-01 10:18:38,PST,Yes,"JH, ZH",USGS,22.06,-1460,Good,,,,NONE,1,002,MBOT,QADCP,VADCP,-1460,679,7110,-0.21,UNSP,UNSP,UNSP,UNSP,UNSP,UNSP,UNSP,
USGS,11455315,347,2019-04-01 10:22:28,PST,Yes,"JH, ZH",USGS,22.09,-2240,Good,,,,NONE,1,003,MBOT,QADCP,VADCP,-2240,683,6970,-0.32,UNSP,UNSP,UNSP,UNSP,UNSP,UNSP,UNSP,
USGS,11455315,348,2019-04-01 10:26:14,PST,Yes,"JH, ZH",USGS,22.07,-2190,Good,,,,NONE,1,004,MBOT,QADCP,VADCP,-2190,679,6750,-0.32,UNSP,UNSP,UNSP,UNSP,UNSP,UNSP,UNSP,
USGS,11455315,349,2019-04-01 10:30:16,PST,Yes,"JH, ZH",USGS,22.14,-3610,Good,,,,NONE,1,005,MBOT,QADCP,VADCP,-3610,677,6910,-0.52,UNSP,UNSP,UNSP,UNSP,UNSP,UNSP,UNSP,
USGS,11455315,350,2019-04-01 10:34:14,PST,Yes,"JH, ZH",USGS,22.19,-4470,Good,,,,NONE,1,006,MBOT,QADCP,VADCP,-4470,690,7400,-0.60,UNSP,UNSP,UNSP,UNSP,UNSP,UNSP,UNSP,
USGS,11455315,351,2019-04-01 10:37:44,PST,Yes,"JH, ZH",USGS,22.22,-4380,Good,,,,NONE,1,007,MBOT,QADCP,VADCP,-4380,685,7550,-0.58,UNSP,UNSP,UNSP,UNSP,UNSP,UNSP,UNSP,
USGS,11455315,352,2019-04-01 10:41:36,PST,Yes,"JH, ZH",USGS,22.26,-5330,Good,,,,NONE,1,008,MBOT,QADCP,VADCP,-5330,682,7520,-0.71,UNSP,UNSP,UNSP,UNSP,UNSP,UNSP,UNSP,
USGS,11455315,353,2019-05-08 10:50:22,PST,Yes,"JH, HR",USGS,21.88,10900,Good,,,,NONE,1,LIB main channel,MBOT,QADCP,VADCP,10900,758,7420,1.47,FIRM,BLDR,UNEV,STDY,EVEN,UNFM,DNST,30.00
USGS,11455315,354,2019-05-08 10:54:31,PST,Yes,"JH, HR",USGS,21.83,9460,Good,,,,NONE,1,2,MBOT,QADCP,VADCP,9460,680,6680,1.42,UNSP,UNSP,UNSP,UNSP,UNSP,UNSP,UNSP,
USGS,11455315,355,2019-05-08 11:00:35,PST,Yes,"JH, HR",USGS,21.76,10700,Good,,,,NONE,1,3,MBOT,QADCP,VADCP,10700,749,7360,1.46,UNSP,UNSP,UNSP,UNSP,UNSP,UNSP,UNSP,
USGS,11455315,356,2019-05-08 11:05:03,PST,Yes,"JH, HR",USGS,21.72,9810,Good,,,,NONE,1,4,MBOT,QADCP,VADCP,9810,672,6560,1.50,UNSP,UNSP,UNSP,UNSP,UNSP,UNSP,UNSP,
USGS,11455315,357,2019-05-08 11:10:00,PST,Yes,"JH, HR",USGS,21.66,10300,Good,,,,NONE,1,5,MBOT,QADCP,VADCP,10300,699,6470,1.59,UNSP,UNSP,UNSP,UNSP,UNSP,UNSP,UNSP,
USGS,11455315,358,2019-05-08 11:14:32,PST,Yes,"JH, HR",USGS,21.62,9630,Good,,,,NONE,1,6,MBOT,QADCP,VADCP,9630,700,6750,1.43,UNSP,UNSP,UNSP,UNSP,UNSP,UNSP,UNSP,
USGS,11455315,359,2019-07-17 12:16:35,PST,Yes,"JH, HR",USGS,2.71,3780,Fair,,,,NONE,1,01,MBOT,QADCP,VADCP,3780,796,5970,0.63,SOFT,silt,UNEV,STDY,EVEN,UNFM,DNST,20.00
USGS,11455315,360,2019-07-17 12:21:16,PST,Yes,"JH, HR",USGS,2.69,2850,Fair,,,,NONE,1,02,MBOT,QADCP,VADCP,2850,803,6140,0.46,UNSP,UNSP,UNSP,UNSP,UNSP,UNSP,UNSP,
USGS,11455315,361,2019-07-17 12:25:44,PST,Yes,"JH, HR",USGS,2.69,2580,Fair,,,,NONE,1,03,MBOT,QADCP,VADCP,2580,619,5740,0.45,UNSP,UNSP,UNSP,UNSP,UNSP,UNSP,UNSP,
USGS,11455315,362,2019-07-17 12:29:59,PST,Yes,"JH, HR",USGS,2.69,1870,Fair,,,,NONE,1,04,MBOT,QADCP,VADCP,1870,628,5860,0.32,UNSP,UNSP,UNSP,UNSP,UNSP,UNSP,UNSP,
USGS,11455315,363,2019-07-17 12:34:23,PST,Yes,"JH, HR",USGS,2.69,1910,Fair,,,,NONE,1,05,MBOT,QADCP,VADCP,1910,846,6460,0.30,UNSP,UNSP,UNSP,UNSP,UNSP,UNSP,UNSP,
USGS,11455315,364,2019-07-17 12:38:40,PST,Yes,"JH, HR",USGS,2.70,1070,Fair,,,,NONE,1,06,MBOT,QADCP,VADCP,1070,847,6550,0.16,UNSP,UNSP,UNSP,UNSP,UNSP,UNSP,UNSP,
USGS,11455315,365,2019-08-28 11:03:43,PST,Yes,JH/TD,USGS,20.61,-6070,Poor,,,,NONE,1,001,MBOT,QADCP,VADCP,-6070,739,6720,-0.90,SOFT,silt,UNEV,STDY,EVEN,UNFM,DNST,40.00
USGS,11455315,366,2019-08-28 11:07:03,PST,Yes,JH/TD,USGS,20.65,-6710,Poor,,,,NONE,1,002,MBOT,QADCP,VADCP,-6710,787,6830,-0.98,UNSP,UNSP,UNSP,UNSP,UNSP,UNSP,UNSP,
USGS,11455315,367,2019-08-28 11:10:14,PST,Yes,JH/TD,USGS,20.69,-7260,Poor,,,,NONE,1,003,MBOT,QADCP,VADCP,-7260,784,6450,-1.13,UNSP,UNSP,UNSP,UNSP,UNSP,UNSP,UNSP,
USGS,11455315,368,2019-08-28 11:13:12,PST,Yes,JH/TD,USGS,20.72,-7520,Poor,,,,NONE,1,004,MBOT,QADCP,VADCP,-7520,794,6760,-1.11,UNSP,UNSP,UNSP,UNSP,UNSP,UNSP,UNSP,
USGS,11455315,369,2019-08-28 11:16:18,PST,Yes,JH/TD,USGS,20.76,-7900,Poor,,,,NONE,1,005,MBOT,QADCP,VADCP,-7900,796,7170,-1.10,UNSP,UNSP,UNSP,UNSP,UNSP,UNSP,UNSP,
USGS,11455315,370,2019-08-28 11:19:24,PST,Yes,JH/TD,USGS,20.79,-8090,Poor,,,,NONE,1,006,MBOT,QADCP,VADCP,-8090,799,6850,-1.18,UNSP,UNSP,UNSP,UNSP,UNSP,UNSP,UNSP,
USGS,11455315,371,2019-10-07 10:58:09,PST,Yes,"JH, HR",USGS,21.98,-8430,Poor,,,,NONE,1,LIB Main Breach,MBOT,QADCP,VADCP,-8430,785,7310,-1.15,FIRM,BLDR,UNEV,STDY,EVEN,UNFM,DNST,30.00
USGS,11455315,372,2019-10-07 11:13:40,PST,Yes,"JH, HR",USGS,22.00,-9000,Poor,,,,NONE,1,002,MBOT,QADCP,VADCP,-9000,821,7440,-1.21,UNSP,UNSP,UNSP,UNSP,UNSP,UNSP,UNSP,
USGS,11455315,373,2019-10-07 11:16:15,PST,Yes,"JH, HR",USGS,22.02,-8520,Poor,,,,NONE,1,003,MBOT,QADCP,VADCP,-8520,775,7620,-1.12,UNSP,UNSP,UNSP,UNSP,UNSP,UNSP,UNSP,
USGS,11455315,374,2019-10-07 11:18:44,PST,Yes,"JH, HR",USGS,22.05,-8840,Poor,,,,NONE,1,004,MBOT,QADCP,VADCP,-8840,795,7640,-1.16,UNSP,UNSP,UNSP,UNSP,UNSP,UNSP,UNSP,
USGS,11455315,375,2019-10-07 11:21:14,PST,Yes,"JH, HR",USGS,22.07,-8090,Poor,,,,NONE,1,005,MBOT,QADCP,VADCP,-8090,793,7780,-1.04,UNSP,UNSP,UNSP,UNSP,UNSP,UNSP,UNSP,
USGS,11455315,376,2019-10-07 11:23:48,PST,Yes,"JH, HR",USGS,22.10,-8620,Poor,,,,NONE,1,006,MBOT,QADCP,VADCP,-8620,798,7380,-1.17,UNSP,UNSP,UNSP,UNSP,UNSP,UNSP,UNSP,
USGS,11455315,377,2019-12-04 10:02:47,PST,Yes,JH/HR,USGS,22.82,-10900,Poor,,,,NONE,1,Liberty Main Channel,MBOT,QADCP,VADCP,-10900,712,7800,-1.40,SOFT,silt,UNEV,STDY,EVEN,UNFM,DNST,40.00
USGS,11455315,378,2019-12-04 10:07:18,PST,Yes,JH/HR,USGS,22.86,-10900,Poor,,,,NONE,1,002,MBOT,QADCP,VADCP,-10900,720,7710,-1.41,UNSP,UNSP,UNSP,UNSP,UNSP,UNSP,UNSP,
USGS,11455315,379,2019-12-04 10:11:58,PST,Yes,JH/HR,USGS,22.90,-10700,Poor,,,,NONE,1,003,MBOT,QADCP,VADCP,-10700,742,8380,-1.28,UNSP,UNSP,UNSP,UNSP,UNSP,UNSP,UNSP,
USGS,11455315,380,2019-12-04 10:16:30,PST,Yes,JH/HR,USGS,22.94,-10800,Poor,,,,NONE,1,004,MBOT,QADCP,VADCP,-10800,744,8100,-1.33,UNSP,UNSP,UNSP,UNSP,UNSP,UNSP,UNSP,
USGS,11455315,381,2019-12-04 10:20:50,PST,Yes,JH/HR,USGS,22.97,-9980,Poor,,,,NONE,1,005,MBOT,QADCP,VADCP,-9980,740,8180,-1.22,UNSP,UNSP,UNSP,UNSP,UNSP,UNSP,UNSP,
USGS,11455315,382,2019-12-04 10:25:12,PST,Yes,JH/HR,USGS,23.01,-10400,Poor,,,,NONE,1,006,MBOT,QADCP,VADCP,-10400,753,8040,-1.29,UNSP,UNSP,UNSP,UNSP,UNSP,UNSP,UNSP,
USGS,11455315,383,2020-01-27 09:33:28,PST,Yes,JH/HR,USGS,21.97,11100,Poor,,,,NONE,1,LIB Main Channel,MBOT,QADCP,VADCP,11100,703,8500,1.31,SOFT,silt,UNEV,PULS,UNEV,UNFM,DNST,40.00
USGS,11455315,384,2020-01-27 09:38:57,PST,Yes,JH/HR,USGS,21.92,11200,Poor,,,,NONE,1,002,MBOT,QADCP,VADCP,11200,772,8670,1.30,UNSP,UNSP,UNSP,UNSP,UNSP,UNSP,UNSP,
USGS,11455315,385,2020-01-27 09:43:54,PST,Yes,JH/HR,USGS,21.87,9910,Poor,,,,NONE,1,003,MBOT,QADCP,VADCP,9910,711,6780,1.46,UNSP,UNSP,UNSP,UNSP,UNSP,UNSP,UNSP,
USGS,11455315,386,2020-01-27 09:48:57,PST,Yes,JH/HR,USGS,21.82,10500,Poor,,,,NONE,1,004,MBOT,QADCP,VADCP,10500,692,7020,1.50,UNSP,UNSP,UNSP,UNSP,UNSP,UNSP,UNSP,
USGS,11455315,387,2020-01-27 09:54:26,PST,Yes,JH/HR,USGS,21.77,10600,Poor,,,,NONE,1,005,MBOT,QADCP,VADCP,10600,686,6660,1.59,UNSP,UNSP,UNSP,UNSP,UNSP,UNSP,UNSP,
USGS,11455315,388,2020-01-27 09:59:35,PST,Yes,JH/HR,USGS,21.72,10400,Poor,,,,NONE,1,006,MBOT,QADCP,VADCP,10400,693,7470,1.39,UNSP,UNSP,UNSP,UNSP,UNSP,UNSP,UNSP,
USGS,11455315,389,2020-06-11 09:15:56,PST,Yes,NVB/AC,USGS,22.75,3770,Poor,,,,NONE,1,LIB 001,MBOT,QADCP,VADCP,3770,751,8450,0.45,FIRM,silt,EVEN,STDY,UNSP,NSTD,DNST,40.00
USGS,11455315,390,2020-06-11 09:23:29,PST,Yes,NVB/AC,USGS,22.68,4040,Poor,,,,NONE,1,002,MBOT,QADCP,VADCP,4040,789,7580,0.53,UNSP,UNSP,UNSP,UNSP,UNSP,UNSP,UNSP,
USGS,11455315,391,2020-06-11 09:28:51,PST,Yes,NVB/AC,USGS,22.63,4220,Poor,,,,NONE,1,003,MBOT,QADCP,VADCP,4220,792,7830,0.54,UNSP,UNSP,UNSP,UNSP,UNSP,UNSP,UNSP,
USGS,11455315,392,2020-06-11 09:35:01,PST,Yes,NVB/AC,USGS,22.57,4910,Poor,,,,NONE,1,004,MBOT,QADCP,VADCP,4910,788,9200,0.53,UNSP,UNSP,UNSP,UNSP,UNSP,UNSP,UNSP,
USGS,11455315,393,2020-06-11 09:40:03,PST,Yes,NVB/AC,USGS,22.52,4710,Poor,,,,NONE,1,005,MBOT,QADCP,VADCP,4710,792,8500,0.56,UNSP,UNSP,UNSP,UNSP,UNSP,UNSP,UNSP,
USGS,11455315,394,2020-06-11 09:46:53,PST,Yes,NVB/AC,USGS,22.45,5020,Poor,,,,NONE,1,006,MBOT,QADCP,VADCP,5020,784,8550,0.59,UNSP,UNSP,UNSP,UNSP,UNSP,UNSP,UNSP,
USGS,11455315,395,2020-07-14 08:37:57,PST,Yes,JEH/NVB,USGS,20.92,-3490,Poor,,,,NONE,1,LIB breech 001,MBOT,QADCP,VADCP,-3490,689,6780,-0.52,SOFT,silt,UNEV,STDY,UNEV,UNFM,DNST,25.00
USGS,11455315,396,2020-07-14 08:42:18,PST,Yes,JEH/NVB,USGS,20.96,-3660,Poor,,,,NONE,1,002,MBOT,QADCP,VADCP,-3660,693,6340,-0.58,UNSP,UNSP,UNSP,UNSP,UNSP,UNSP,UNSP,
USGS,11455315,397,2020-07-14 08:46:42,PST,Yes,JEH/NVB,USGS,21.00,-3720,Poor,,,,NONE,1,003,MBOT,QADCP,VADCP,-3720,698,6740,-0.55,UNSP,UNSP,UNSP,UNSP,UNSP,UNSP,UNSP,
USGS,11455315,398,2020-07-14 08:50:41,PST,Yes,JEH/NVB,USGS,21.04,-3650,Poor,,,,NONE,1,004,MBOT,QADCP,VADCP,-3650,696,6690,-0.55,UNSP,UNSP,UNSP,UNSP,UNSP,UNSP,UNSP,
USGS,11455315,399,2020-07-14 08:54:31,PST,Yes,JEH/NVB,USGS,21.06,-3900,Poor,,,,NONE,1,005,MBOT,QADCP,VADCP,-3900,699,6850,-0.57,UNSP,UNSP,UNSP,UNSP,UNSP,UNSP,UNSP,
USGS,11455315,400,2020-07-14 08:58:19,PST,Yes,JEH/NVB,USGS,21.10,-4100,Poor,,,,NONE,1,006,MBOT,QADCP,VADCP,-4100,697,6170,-0.66,UNSP,UNSP,UNSP,UNSP,UNSP,UNSP,UNSP,
USGS,11455315,401,2020-09-03 12:57:36,PST,Yes,JEH/EBD,USGS,20.60,-3370,Poor,,,,NONE,1,LIB Main,RC,QADCP,VADCP,-3370,614,5810,-0.58,SOFT,silt,UNEV,STDY,EVEN,UNFM,DNST,20.00
USGS,11455315,402,2020-09-03 13:07:29,PST,Yes,JEH/EBD,USGS,20.72,-4130,Poor,,,,NONE,1,002,RC,QADCP,VADCP,-4130,605,5850,-0.71,UNSP,UNSP,UNSP,UNSP,UNSP,UNSP,UNSP,
USGS,11455315,403,2020-09-03 13:23:18,PST,Yes,JEH/EBD,USGS,20.93,-4650,Poor,,,,NONE,1,003,RC,QADCP,VADCP,-4650,614,6080,-0.76,UNSP,UNSP,UNSP,UNSP,UNSP,UNSP,UNSP,
USGS,11455315,404,2020-09-03 13:30:30,PST,Yes,JEH/EBD,USGS,21.03,-5260,Poor,,,,NONE,1,004,RC,QADCP,VADCP,-5260,612,6010,-0.88,UNSP,UNSP,UNSP,UNSP,UNSP,UNSP,UNSP,
USGS,11455315,405,2020-09-03 13:37:29,PST,Yes,JEH/EBD,USGS,21.12,-5220,Poor,,,,NONE,1,005,RC,QADCP,VADCP,-5220,612,6080,-0.86,UNSP,UNSP,UNSP,UNSP,UNSP,UNSP,UNSP,
USGS,11455315,406,2020-09-03 13:44:28,PST,Yes,JEH/EBD,USGS,21.21,-5930,Poor,,,,NONE,1,006,RC,QADCP,VADCP,-5930,647,6260,-0.95,UNSP,UNSP,UNSP,UNSP,UNSP,UNSP,UNSP,
USGS,11455315,407,2020-09-03 13:51:14,PST,Yes,JEH/EBD,USGS,21.21,-6330,Poor,,,,NONE,1,007,RC,QADCP,VADCP,-6330,686,6680,-0.95,UNSP,UNSP,UNSP,UNSP,UNSP,UNSP,UNSP,
USGS,11455315,408,2020-09-03 14:13:20,PST,Yes,JEH/EBD,USGS,21.60,-7460,Poor,,,,NONE,1,008,RC,QADCP,VADCP,-7460,739,6940,-1.08,UNSP,UNSP,UNSP,UNSP,UNSP,UNSP,UNSP,
USGS,11455315,409,2020-09-03 14:19:47,PST,Yes,JEH/EBD,USGS,21.67,-7780,Poor,,,,NONE,1,009,RC,QADCP,VADCP,-7780,752,7140,-1.09,UNSP,UNSP,UNSP,UNSP,UNSP,UNSP,UNSP,
USGS,11455315,410,2020-09-03 14:25:59,PST,Yes,JEH/EBD,USGS,21.74,-7720,Poor,,,,NONE,1,010,RC,QADCP,VADCP,-7720,775,7220,-1.07,UNSP,UNSP,UNSP,UNSP,UNSP,UNSP,UNSP,
USGS,11455315,411,2020-11-10 14:37:05,PST,Yes,JEH/EBD,USGS,5.31,5450,Poor,,,,NONE,1,001,RC,QADCP,VADCP,5450,638,6890,0.79,SOFT,silt,UNEV,STDY,EVEN,UNFM,DNST,40.00
USGS,11455315,412,2020-11-10 14:45:13,PST,Yes,JEH/EBD,USGS,5.24,5940,Poor,,,,NONE,1,002,RC,QADCP,VADCP,5940,636,6780,0.88,UNSP,UNSP,UNSP,UNSP,EVEN,UNSP,DNST,40.00
USGS,11455315,413,2020-11-10 14:53:00,PST,Yes,JEH/EBD,USGS,5.17,6090,Poor,,,,NONE,1,003,RC,QADCP,VADCP,6090,639,6830,0.89,UNSP,UNSP,UNSP,UNSP,EVEN,UNSP,DNST,40.00
USGS,11455315,414,2020-11-10 15:00:44,PST,Yes,JEH/EBD,USGS,5.09,6460,Poor,,,,NONE,1,004,RC,QADCP,VADCP,6460,636,6680,0.97,UNSP,UNSP,UNSP,UNSP,EVEN,UNSP,DNST,40.00
USGS,11455315,415,2020-11-10 15:08:25,PST,Yes,JEH/EBD,USGS,5.00,6540,Poor,,,,NONE,1,005,RC,QADCP,VADCP,6540,641,6750,0.97,UNSP,UNSP,UNSP,UNSP,UNSP,UNSP,UNSP,
USGS,11455315,416,2020-11-10 15:15:59,PST,Yes,JEH/EBD,USGS,4.92,6800,Poor,,,,NONE,1,006,RC,QADCP,VADCP,6800,635,6640,1.02,UNSP,UNSP,UNSP,UNSP,EVEN,UNSP,DNST,40.00
USGS,11455315,417,2021-02-02 10:09:49,PST,Yes,EBD/JEH,USGS,5.96,10400,Poor,,,,NONE,1,000,RC,QADCP,VADCP,10400,745,8330,1.25,SOFT,silt,UNEV,STDY,UNEV,UNFM,DNST,40.00
USGS,11455315,418,2021-02-02 10:16:14,PST,Yes,EBD/JEH,USGS,5.88,10400,Poor,,,,NONE,1,001,RC,QADCP,VADCP,10400,709,8010,1.30,UNSP,UNSP,UNSP,UNSP,UNSP,UNSP,UNSP,
USGS,11455315,419,2021-02-02 10:22:23,PST,Yes,EBD/JEH,USGS,5.82,10800,Poor,,,,NONE,1,002,RC,QADCP,VADCP,10800,751,8240,1.31,UNSP,UNSP,UNSP,UNSP,UNSP,UNSP,UNSP,
USGS,11455315,420,2021-02-02 10:28:26,PST,Yes,EBD/JEH,USGS,5.76,11000,Poor,,,,NONE,1,003,RC,QADCP,VADCP,11000,747,8140,1.35,UNSP,UNSP,UNSP,UNSP,UNSP,UNSP,UNSP,
USGS,11455315,421,2021-02-02 10:34:25,PST,Yes,EBD/JEH,USGS,5.69,10800,Poor,,,,NONE,1,004,RC,QADCP,VADCP,10800,750,8130,1.33,UNSP,UNSP,UNSP,UNSP,UNSP,UNSP,UNSP,
USGS,11455315,422,2021-02-02 10:40:23,PST,Yes,EBD/JEH,USGS,5.62,11400,Poor,,,,NONE,1,005,RC,QADCP,VADCP,11400,746,8010,1.42,UNSP,UNSP,UNSP,UNSP,UNSP,UNSP,UNSP,
USGS,11455315,423,2021-02-02 10:46:44,PST,Yes,EBD/JEH,USGS,5.56,11300,Poor,,,,NONE,1,006,RC,QADCP,VADCP,11300,745,8040,1.40,UNSP,UNSP,UNSP,UNSP,UNSP,UNSP,UNSP,
USGS,11455315,424,2021-02-02 10:52:56,PST,Yes,EBD/JEH,USGS,5.49,11200,Poor,,,,NONE,1,007,RC,QADCP,VADCP,11200,742,7980,1.40,UNSP,UNSP,UNSP,UNSP,UNSP,UNSP,UNSP,
USGS,11455315,425,2021-05-07 10:51:13,PST,Yes,jehatfield/c,USGS,4.01,-10700,Poor,,,,NONE,1,001,RC,QADCP,VADCP,-10700,775,7260,-1.47,SOFT,silt,EVEN,STDY,EVEN,UNFM,DNST,40.00
USGS,11455315,426,2021-05-07 10:55:40,PST,Yes,jehatfield/c,USGS,4.05,-10600,Poor,,,,NONE,1,002,RC,QADCP,VADCP,-10600,762,7300,-1.46,UNSP,UNSP,UNSP,UNSP,UNSP,UNSP,UNSP,
USGS,11455315,427,2021-05-07 10:59:56,PST,Yes,jehatfield/c,USGS,4.11,-10900,Poor,,,,NONE,1,003,RC,QADCP,VADCP,-10900,762,7300,-1.50,UNSP,UNSP,UNSP,UNSP,UNSP,UNSP,UNSP,
USGS,11455315,428,2021-05-07 11:04:13,PST,Yes,jehatfield/c,USGS,4.16,-10600,Poor,,,,NONE,1,004,RC,QADCP,VADCP,-10600,761,7360,-1.44,UNSP,UNSP,UNSP,UNSP,UNSP,UNSP,UNSP,
USGS,11455315,429,2021-05-07 11:08:29,PST,Yes,jehatfield/c,USGS,4.21,-10700,Poor,,,,NONE,1,005,RC,QADCP,VADCP,-10700,760,7280,-1.47,UNSP,UNSP,UNSP,UNSP,UNSP,UNSP,UNSP,
USGS,11455315,430,2021-06-03 09:02:42,PST,Yes,JEHTAFIELD/E,USGS,4.99,-7380,Poor,,,,NONE,1,001,MBOT,QADCP,VADCP,-7380,784,7730,-0.95,SOFT,silt,EVEN,STDY,UNSP,UNFM,DNST,40.00
USGS,11455315,431,2021-06-03 09:06:29,PST,Yes,JEHTAFIELD/E,USGS,5.03,-7940,Poor,,,,NONE,1,002,MBOT,QADCP,VADCP,-7940,773,7260,-1.09,UNSP,UNSP,UNSP,UNSP,UNSP,UNSP,UNSP,
USGS,11455315,432,2021-06-03 09:10:05,PST,Yes,JEHTAFIELD/E,USGS,5.05,-7850,Poor,,,,NONE,1,003,MBOT,QADCP,VADCP,-7850,773,7680,-1.02,UNSP,UNSP,UNSP,UNSP,UNSP,UNSP,UNSP,
USGS,11455315,433,2021-06-03 09:13:46,PST,Yes,JEHTAFIELD/E,USGS,5.08,-8140,Poor,,,,NONE,1,004,MBOT,QADCP,VADCP,-8140,763,7480,-1.09,UNSP,UNSP,UNSP,UNSP,UNSP,UNSP,UNSP,
USGS,11455315,434,2021-06-03 09:17:39,PST,Yes,JEHTAFIELD/E,USGS,5.12,-8050,Poor,,,,NONE,1,005,MBOT,QADCP,VADCP,-8050,772,8040,-1.00,UNSP,UNSP,UNSP,UNSP,UNSP,UNSP,UNSP,
USGS,11455315,435,2021-06-03 09:21:54,PST,Yes,JEHTAFIELD/E,USGS,5.15,-8370,Poor,,,,NONE,1,006,MBOT,QADCP,VADCP,-8370,755,7520,-1.11,UNSP,UNSP,UNSP,UNSP,UNSP,UNSP,UNSP,
USGS,11455315,436,2021-06-10 11:20:40,PST,Yes,EDUBER/JEHAT,USGS,2.39,4940,Poor,,,,NONE,1,001,RC,QADCP,VADCP,4940,739,6130,0.80,SOFT,silt,EVEN,STDY,EVEN,UNFM,DNST,40.00
USGS,11455315,437,2021-06-10 11:26:35,PST,Yes,EDUBER/JEHAT,USGS,2.34,4510,Poor,,,,NONE,1,002,RC,QADCP,VADCP,4510,728,5770,0.78,UNSP,UNSP,UNSP,UNSP,UNSP,UNSP,UNSP,
USGS,11455315,438,2021-06-10 11:31:43,PST,Yes,EDUBER/JEHAT,USGS,2.31,4440,Poor,,,,NONE,1,003,RC,QADCP,VADCP,4440,736,6150,0.72,UNSP,UNSP,UNSP,UNSP,UNSP,UNSP,UNSP,
USGS,11455315,439,2021-06-10 11:37:05,PST,Yes,EDUBER/JEHAT,USGS,2.28,4290,Poor,,,,NONE,1,004,RC,QADCP,VADCP,4290,721,5740,0.75,UNSP,UNSP,UNSP,UNSP,UNSP,UNSP,UNSP,
USGS,11455315,440,2021-06-10 11:45:57,PST,Yes,EDUBER/JEHAT,USGS,2.24,3770,Poor,,,,NONE,1,005,RC,QADCP,VADCP,3770,736,5900,0.64,UNSP,UNSP,UNSP,UNSP,UNSP,UNSP,UNSP,
USGS,11455315,441,2021-06-10 11:51:22,PST,Yes,EDUBER/JEHAT,USGS,2.21,3350,Poor,,,,NONE,1,006,RC,QADCP,VADCP,3350,727,5950,0.56,UNSP,UNSP,UNSP,UNSP,UNSP,UNSP,UNSP,
USGS,11455315,442,2021-06-10 11:56:42,PST,Yes,EDUBER/JEHAT,USGS,2.20,3050,Poor,,,,NONE,1,007,RC,QADCP,VADCP,3050,735,6030,0.51,UNSP,UNSP,UNSP,UNSP,UNSP,UNSP,UNSP,
USGS,11455315,443,2021-06-10 12:02:06,PST,Yes,EDUBER/JEHAT,USGS,2.18,2580,Poor,,,,NONE,1,008,RC,QADCP,VADCP,2580,730,5940,0.44,UNSP,UNSP,UNSP,UNSP,UNSP,UNSP,UNSP,
USGS,11455315,444,2021-06-10 12:21:45,PST,Yes,EDUBER/JEHAT,USGS,2.20,944,Poor,,,,NONE,1,009,RC,QADCP,VADCP,944,742,6170,0.15,UNSP,UNSP,UNSP,UNSP,UNSP,UNSP,UNSP,
USGS,11455315,445,2021-06-10 12:27:09,PST,Yes,EDUBER/JEHAT,USGS,2.21,451,Poor,,,,NONE,1,010,RC,QADCP,VADCP,451,738,6160,0.07,UNSP,UNSP,UNSP,UNSP,UNSP,UNSP,UNSP,
USGS,11455315,446,2021-06-10 12:32:33,PST,Yes,EDUBER/JEHAT,USGS,2.25,-382,Poor,,,,NONE,1,011,RC,QADCP,VADCP,-382,737,6080,-0.06,UNSP,UNSP,UNSP,UNSP,UNSP,UNSP,UNSP,
USGS,11455315,447,2021-06-10 12:37:50,PST,Yes,EDUBER/JEHAT,USGS,2.28,-1040,Poor,,,,NONE,1,012,RC,QADCP,VADCP,-1040,737,5980,-0.17,UNSP,UNSP,UNSP,UNSP,UNSP,UNSP,UNSP,
USGS,11455315,448,2021-06-10 12:42:56,PST,Yes,EDUBER/JEHAT,USGS,2.33,-1990,Poor,,,,NONE,1,013,RC,QADCP,VADCP,-1990,733,6220,-0.32,UNSP,UNSP,UNSP,UNSP,UNSP,UNSP,UNSP,
USGS,11455315,449,2021-06-10 12:47:49,PST,Yes,EDUBER/JEHAT,USGS,2.37,-3050,Poor,,,,NONE,1,014,RC,QADCP,VADCP,-3050,735,6160,-0.50,UNSP,UNSP,UNSP,UNSP,UNSP,UNSP,UNSP,
USGS,11455315,450,2021-07-27 08:17:22,PST,Yes,EDUBER/JEHAT,USGS,5.84,7930,Poor,,,,NONE,1,001,MBOT,QADCP,VADCP,7930,758,7690,1.03,SOFT,silt,EVEN,STDY,EVEN,UNKN,DNST,40.00
USGS,11455315,451,2021-07-27 08:20:05,PST,Yes,EDUBER/JEHAT,USGS,5.80,7480,Poor,,,,NONE,1,002,MBOT,QADCP,VADCP,7480,741,7370,1.01,UNSP,UNSP,UNSP,UNSP,UNSP,UNSP,UNSP,
USGS,11455315,452,2021-07-27 08:23:00,PST,Yes,EDUBER/JEHAT,USGS,5.77,7680,Poor,,,,NONE,1,003,MBOT,QADCP,VADCP,7680,788,8100,0.95,UNSP,UNSP,UNSP,UNSP,UNSP,UNSP,UNSP,
USGS,11455315,453,2021-07-27 08:26:09,PST,Yes,EDUBER/JEHAT,USGS,5.73,7770,Poor,,,,NONE,1,004,MBOT,QADCP,VADCP,7770,765,7510,1.04,UNSP,UNSP,UNSP,UNSP,UNSP,UNSP,UNSP,
USGS,11455315,454,2021-07-27 08:29:25,PST,Yes,EDUBER/JEHAT,USGS,5.69,7400,Poor,,,,NONE,1,005,MBOT,QADCP,VADCP,7400,729,7710,0.96,UNSP,UNSP,UNSP,UNSP,UNSP,UNSP,UNSP,
USGS,11455315,455,2021-07-27 08:32:34,PST,Yes,EDUBER/JEHAT,USGS,5.65,7410,Poor,,,,NONE,1,006,MBOT,QADCP,VADCP,7410,728,7110,1.04,UNSP,UNSP,UNSP,UNSP,UNSP,UNSP,UNSP,
USGS,11455315,456,2021-08-17 10:55:33,PST,Yes,JEHATFIELD/E,USGS,5.16,-6660,Poor,,,,NONE,1,001,RC,QADCP,VADCP,-6660,802,8150,-0.82,SOFT,silt,EVEN,STDY,EVEN,UNFM,DNST,40.00
USGS,11455315,457,2021-08-17 11:00:21,PST,Yes,JEHATFIELD/E,USGS,5.20,-6720,Poor,,,,NONE,1,002,RC,QADCP,VADCP,-6720,801,8210,-0.82,UNSP,UNSP,UNSP,UNSP,UNSP,UNSP,UNSP,
USGS,11455315,458,2021-08-17 11:05:10,PST,Yes,JEHATFIELD/E,USGS,5.23,-6180,Poor,,,,NONE,1,003,RC,QADCP,VADCP,-6180,796,8200,-0.75,UNSP,UNSP,UNSP,UNSP,UNSP,UNSP,UNSP,
USGS,11455315,459,2021-08-17 11:10:07,PST,Yes,JEHATFIELD/E,USGS,5.27,-6540,Poor,,,,NONE,1,004,RC,QADCP,VADCP,-6540,802,8270,-0.79,UNSP,UNSP,UNSP,UNSP,UNSP,UNSP,UNSP,
USGS,11455315,460,2021-08-17 11:15:02,PST,Yes,JEHATFIELD/E,USGS,5.31,-6130,Poor,,,,NONE,1,005,RC,QADCP,VADCP,-6130,793,8160,-0.75,UNSP,UNSP,UNSP,UNSP,UNSP,UNSP,UNSP,
USGS,11455315,461,2021-08-17 11:19:58,PST,Yes,JEHATFIELD/E,USGS,5.34,-6130,Poor,,,,NONE,1,006,MBOT,QADCP,VADCP,-6130,799,8310,-0.74,UNSP,UNSP,UNSP,UNSP,UNSP,UNSP,UNSP,
USGS,11455315,462,2021-09-23 11:18:20,PST,Yes,EDUBER/JEHAT,USGS,3.29,3270,Poor,,,,NONE,1,001,RC,QADCP,VADCP,3270,748,6810,0.48,SOFT,silt,EVEN,STDY,EVEN,UNFM,DNST,40.00
USGS,11455315,463,2021-09-23 11:24:17,PST,Yes,EDUBER/JEHAT,USGS,3.25,2930,Poor,,,,NONE,1,002,RC,QADCP,VADCP,2930,744,6770,0.43,UNSP,UNSP,UNSP,UNSP,UNSP,UNSP,UNSP,
USGS,11455315,464,2021-09-23 11:30:08,PST,Yes,EDUBER/JEHAT,USGS,3.22,2820,Poor,,,,NONE,1,003,RC,QADCP,VADCP,2820,747,6750,0.42,UNSP,UNSP,UNSP,UNSP,UNSP,UNSP,UNSP,
USGS,11455315,465,2021-09-23 11:36:03,PST,Yes,EDUBER/JEHAT,USGS,3.18,2680,Poor,,,,NONE,1,004,RC,QADCP,VADCP,2680,745,6720,0.40,UNSP,UNSP,UNSP,UNSP,UNSP,UNSP,UNSP,
USGS,11455315,466,2021-09-23 11:42:09,PST,Yes,EDUBER/JEHAT,USGS,3.16,2540,Poor,,,,NONE,1,005,RC,QADCP,VADCP,2540,745,6730,0.38,UNSP,UNSP,UNSP,UNSP,UNSP,UNSP,UNSP,
USGS,11455315,467,2021-09-23 11:48:18,PST,Yes,EDUBER/JEHAT,USGS,3.14,2230,Poor,,,,NONE,1,006,RC,QADCP,VADCP,2230,743,6680,0.33,UNSP,UNSP,UNSP,UNSP,UNSP,UNSP,UNSP,
USGS,11455315,468,2021-09-23 11:54:47,PST,Yes,EDUBER/JEHAT,USGS,3.12,1950,Poor,,,,NONE,1,007,RC,QADCP,VADCP,1950,744,6720,0.29,UNSP,UNSP,UNSP,UNSP,UNSP,UNSP,UNSP,
USGS,11455315,469,2021-09-23 12:00:47,PST,Yes,EDUBER/JEHAT,USGS,3.10,1410,Poor,,,,NONE,1,008,RC,QADCP,VADCP,1410,743,6640,0.21,UNSP,UNSP,UNSP,UNSP,UNSP,UNSP,UNSP,
USGS,11455315,470,2022-01-13 12:29:33,PST,Yes,JEHATFIELD/E,USGS,6.68,-8280,Poor,,,,NONE,1,001,MBOT,QADCP,VADCP,-8280,788,8820,-0.94,SOFT,silt,UNEV,STDY,EVEN,UNFM,DNST,65.00
USGS,11455315,471,2022-01-13 12:35:29,PST,Yes,JEHATFIELD/E,USGS,6.71,-7140,Poor,,,,NONE,1,002,MBOT,QADCP,VADCP,-7140,823,10100,-0.71,UNSP,UNSP,UNSP,UNSP,UNSP,UNSP,UNSP,
USGS,11455315,472,2022-01-13 12:40:35,PST,Yes,JEHATFIELD/E,USGS,6.74,-7390,Poor,,,,NONE,1,003,MBOT,QADCP,VADCP,-7390,786,8800,-0.84,UNSP,UNSP,UNSP,UNSP,UNSP,UNSP,UNSP,
USGS,11455315,473,2022-01-13 12:45:37,PST,Yes,JEHATFIELD/E,USGS,6.76,-7090,Poor,,,,NONE,1,004,MBOT,QADCP,VADCP,-7090,790,9800,-0.72,UNSP,UNSP,UNSP,UNSP,UNSP,UNSP,UNSP,
USGS,11455315,474,2022-01-13 12:50:45,PST,Yes,JEHATFIELD/E,USGS,6.78,-6730,Poor,,,,NONE,1,005,MBOT,QADCP,VADCP,-6730,774,8940,-0.75,UNSP,UNSP,UNSP,UNSP,UNSP,UNSP,UNSP,
USGS,11455315,475,2022-01-13 12:56:14,PST,Yes,JEHATFIELD/E,USGS,6.80,-6540,Poor,,,,NONE,1,006,MBOT,QADCP,VADCP,-6540,774,8640,-0.76,UNSP,UNSP,UNSP,UNSP,UNSP,UNSP,UNSP,
USGS,11455315,476,2022-02-17 12:22:25,PST,Yes,EDUBER/NSOED,USGS,3.53,-8600,Poor,,,,NONE,1,000,RC,QADCP,VADCP,-8600,762,7110,-1.21,SOFT,silt,EVEN,STDY,EVEN,UNKN,DNST,25.00
USGS,11455315,477,2022-02-17 12:28:45,PST,Yes,EDUBER/NSOED,USGS,3.59,-8810,Poor,,,,NONE,1,001,RC,QADCP,VADCP,-8810,760,7100,-1.24,UNSP,UNSP,UNSP,UNSP,UNSP,UNSP,UNSP,
USGS,11455315,478,2022-02-17 12:32:51,PST,Yes,EDUBER/NSOED,USGS,3.63,-9390,Poor,,,,NONE,1,002,RC,QADCP,VADCP,-9390,755,7140,-1.32,UNSP,UNSP,UNSP,UNSP,UNSP,UNSP,UNSP,
USGS,11455315,479,2022-02-17 12:39:47,PST,Yes,EDUBER/NSOED,USGS,3.71,-10100,Poor,,,,NONE,1,003,RC,QADCP,VADCP,-10100,762,7200,-1.41,UNSP,UNSP,UNSP,UNSP,UNSP,UNSP,UNSP,
USGS,11455315,480,2022-02-17 12:47:31,PST,Yes,EDUBER/NSOED,USGS,3.80,-10100,Poor,,,,NONE,1,004,RC,QADCP,VADCP,-10100,757,7280,-1.38,UNSP,UNSP,UNSP,UNSP,UNSP,UNSP,UNSP,
USGS,11455315,481,2022-02-17 12:54:46,PST,Yes,EDUBER/NSOED,USGS,3.89,-10600,Poor,,,,NONE,1,005,RC,QADCP,VADCP,-10600,765,7360,-1.44,UNSP,UNSP,UNSP,UNSP,UNSP,UNSP,UNSP,
USGS,11455315,482,2022-02-17 12:58:44,PST,Yes,EDUBER/NSOED,USGS,3.94,-10600,Poor,,,,NONE,1,006,RC,QADCP,VADCP,-10600,757,7330,-1.44,UNSP,UNSP,UNSP,UNSP,UNSP,UNSP,UNSP,
USGS,11455315,483,2022-02-17 13:04:59,PST,Yes,EDUBER/NSOED,USGS,4.02,-11300,Poor,,,,NONE,1,007,RC,QADCP,VADCP,-11300,761,7400,-1.52,UNSP,UNSP,UNSP,UNSP,UNSP,UNSP,UNSP,
USGS,11455315,484,2022-02-17 13:10:06,PST,Yes,EDUBER/NSOED,USGS,4.08,-12000,Poor,,,,NONE,1,008,RC,QADCP,VADCP,-12000,754,7410,-1.62,UNSP,UNSP,UNSP,UNSP,UNSP,UNSP,UNSP,
USGS,11455315,485,2022-02-17 13:17:04,PST,Yes,EDUBER/NSOED,USGS,4.18,-11700,Poor,,,,NONE,1,009,RC,QADCP,VADCP,-11700,757,7460,-1.56,UNSP,UNSP,UNSP,UNSP,UNSP,UNSP,UNSP,
USGS,11455315,486,2022-02-17 13:21:48,PST,Yes,EDUBER/NSOED,USGS,4.24,-11800,Poor,,,,NONE,1,010,RC,QADCP,VADCP,-11800,757,7530,-1.56,UNSP,UNSP,UNSP,UNSP,UNSP,UNSP,UNSP,
USGS,11455315,487,2022-05-11 13:15:25,PST,Yes,NSOEDER/EDUB,USGS,4.98,795,Poor,,,,NONE,1,001,MBOT,QADCP,VADCP,795,796,8080,0.10,SOFT,silt,UNEV,STDY,UNEV,UNKN,DNST,20.00
USGS,11455315,488,2022-05-11 13:24:09,PST,Yes,NSOEDER/EDUB,USGS,4.94,2590,Poor,,,,NONE,1,002,MBOT,QADCP,VADCP,2590,644,6990,0.37,UNSP,UNSP,UNSP,UNSP,UNSP,UNSP,UNSP,
USGS,11455315,489,2022-05-11 13:31:56,PST,Yes,NSOEDER/EDUB,USGS,4.90,4190,Poor,,,,NONE,1,003,MBOT,QADCP,VADCP,4190,788,7820,0.54,UNSP,UNSP,UNSP,UNSP,UNSP,UNSP,UNSP,
USGS,11455315,490,2022-05-11 13:37:19,PST,Yes,NSOEDER/EDUB,USGS,4.87,4400,Poor,,,,NONE,1,004,MBOT,QADCP,VADCP,4400,776,7850,0.56,UNSP,UNSP,UNSP,UNSP,UNSP,UNSP,UNSP,
USGS,11455315,491,2022-05-11 13:42:56,PST,Yes,NSOEDER/EDUB,USGS,4.83,5420,Poor,,,,NONE,1,005,MBOT,QADCP,VADCP,5420,779,7170,0.76,UNSP,UNSP,UNSP,UNSP,UNSP,UNSP,UNSP,
USGS,11455315,492,2022-05-11 13:49:26,PST,Yes,NSOEDER/EDUB,USGS,4.78,5470,Poor,,,,NONE,1,006,MBOT,QADCP,VADCP,5470,762,7410,0.74,UNSP,UNSP,UNSP,UNSP,UNSP,UNSP,UNSP,
USGS,11455315,493,2022-07-12 13:02:03,PST,Yes,EDUBER/TVIOL,USGS,4.44,-5760,Poor,,,,NONE,1,001,RC,QADCP,VADCP,-5760,736,7330,-0.79,SOFT,silt,EVEN,PULS,EVEN,UNFM,DNST,20.00
USGS,11455315,494,2022-07-12 13:06:28,PST,Yes,EDUBER/TVIOL,USGS,4.50,-5890,Poor,,,,NONE,1,002,RC,QADCP,VADCP,-5890,752,7580,-0.78,UNSP,UNSP,UNSP,UNSP,UNSP,UNSP,UNSP,
USGS,11455315,495,2022-07-12 13:10:23,PST,Yes,EDUBER/TVIOL,USGS,4.56,-5050,Poor,,,,NONE,1,003,RC,QADCP,VADCP,-5050,751,7550,-0.67,UNSP,UNSP,UNSP,UNSP,UNSP,UNSP,UNSP,
USGS,11455315,496,2022-07-12 13:14:02,PST,Yes,EDUBER/TVIOL,USGS,4.60,-6360,Poor,,,,NONE,1,004,RC,QADCP,VADCP,-6360,754,7670,-0.83,UNSP,UNSP,UNSP,UNSP,UNSP,UNSP,UNSP,
USGS,11455315,497,2022-07-12 13:17:46,PST,Yes,EDUBER/TVIOL,USGS,4.65,-6240,Poor,,,,NONE,1,005,RC,QADCP,VADCP,-6240,753,7610,-0.82,UNSP,UNSP,UNSP,UNSP,UNSP,UNSP,UNSP,
USGS,11455315,498,2022-07-12 13:21:24,PST,Yes,EDUBER/TVIOL,USGS,4.70,-5980,Poor,,,,NONE,1,006,RC,QADCP,VADCP,-5980,756,7720,-0.78,UNSP,UNSP,UNSP,UNSP,UNSP,UNSP,UNSP,
USGS,11455315,499,2022-07-12 13:25:52,PST,Yes,EDUBER/TVIOL,USGS,4.75,-6130,Poor,,,,NONE,1,007,RC,QADCP,VADCP,-6130,750,7640,-0.80,UNSP,UNSP,UNSP,UNSP,UNSP,UNSP,UNSP,
USGS,11455315,500,2022-07-12 13:29:37,PST,Yes,EDUBER/TVIOL,USGS,4.79,-5530,Poor,,,,NONE,1,008,RC,QADCP,VADCP,-5530,752,7670,-0.72,UNSP,UNSP,UNSP,UNSP,UNSP,UNSP,UNSP,
USGS,11455315,501,2022-07-20 12:53:35,PST,Yes,JEHATFIELD/E,USGS,4.34,4530,Unspecified,,,,NONE,1,001,MBOT,QADCP,VADCP,4530,782,6880,0.66,SOFT,silt,UNEV,STDY,EVEN,UNFM,DNST,25.00
USGS,11455315,502,2022-07-20 12:57:07,PST,Yes,JEHATFIELD/E,USGS,4.31,4200,Unspecified,,,,NONE,1,002,MBOT,QADCP,VADCP,4200,760,7050,0.60,UNSP,UNSP,UNSP,UNSP,UNSP,UNSP,UNSP,
USGS,11455315,503,2022-07-20 13:00:28,PST,Yes,JEHATFIELD/E,USGS,4.28,4460,Unspecified,,,,NONE,1,003,MBOT,QADCP,VADCP,4460,770,7150,0.62,UNSP,UNSP,UNSP,UNSP,UNSP,UNSP,UNSP,
USGS,11455315,504,2022-07-20 13:05:06,PST,Yes,JEHATFIELD/E,USGS,4.23,4290,Unspecified,,,,NONE,1,004,MBOT,QADCP,VADCP,4290,771,6630,0.65,UNSP,UNSP,UNSP,UNSP,UNSP,UNSP,UNSP,
USGS,11455315,505,2022-07-20 13:08:56,PST,Yes,JEHATFIELD/E,USGS,4.20,4280,Unspecified,,,,NONE,1,005,MBOT,QADCP,VADCP,4280,772,7300,0.59,UNSP,UNSP,UNSP,UNSP,UNSP,UNSP,UNSP,
USGS,11455315,506,2022-07-20 13:12:56,PST,Yes,JEHATFIELD/E,USGS,4.15,4230,Unspecified,,,,NONE,1,006,MBOT,QADCP,VADCP,4230,774,6690,0.63,UNSP,UNSP,UNSP,UNSP,UNSP,UNSP,UNSP,
USGS,11455315,507,2022-08-04 08:14:52,PST,Yes,HRABAS/EDUBE,USGS,5.65,-4430,Unspecified,,,,NONE,1,001,MBOT,QADCP,VADCP,-4430,778,8020,-0.55,SOFT,silt,EVEN,PULS,UNEV,UNKN,DNST,25.00
USGS,11455315,508,2022-08-04 08:18:58,PST,Yes,HRABAS/EDUBE,USGS,5.67,-4240,Unspecified,,,,NONE,1,002,MBOT,QADCP,VADCP,-4240,780,8210,-0.52,UNSP,UNSP,UNSP,UNSP,UNSP,UNSP,UNSP,
USGS,11455315,509,2022-08-04 08:23:29,PST,Yes,HRABAS/EDUBE,USGS,5.69,-4350,Unspecified,,,,NONE,1,003,MBOT,QADCP,VADCP,-4350,742,8190,-0.53,UNSP,UNSP,UNSP,UNSP,UNSP,UNSP,UNSP,
USGS,11455315,510,2022-08-04 08:28:11,PST,Yes,HRABAS/EDUBE,USGS,5.71,-4190,Unspecified,,,,NONE,1,004,MBOT,QADCP,VADCP,-4190,782,8260,-0.51,UNSP,UNSP,UNSP,UNSP,UNSP,UNSP,UNSP,
USGS,11455315,511,2022-08-04 08:33:40,PST,Yes,HRABAS/EDUBE,USGS,5.72,-3980,Unspecified,,,,NONE,1,005,MBOT,QADCP,VADCP,-3980,784,8400,-0.47,UNSP,UNSP,UNSP,UNSP,UNSP,UNSP,UNSP,
USGS,11455315,512,2022-08-04 08:37:37,PST,Yes,HRABAS/EDUBE,USGS,5.73,-3740,Unspecified,,,,NONE,1,006,MBOT,QADCP,VADCP,-3740,783,8470,-0.44,UNSP,UNSP,UNSP,UNSP,UNSP,UNSP,UNSP,
USGS,11455315,513,2022-08-04 08:43:21,PST,Yes,HRABAS/EDUBE,USGS,5.75,-3350,Unspecified,,,,NONE,1,007,MBOT,QADCP,VADCP,-3350,777,8390,-0.40,UNSP,UNSP,UNSP,UNSP,UNSP,UNSP,UNSP,
USGS,11455315,514,2022-08-04 08:49:00,PST,Yes,HRABAS/EDUBE,USGS,5.76,-2720,Unspecified,,,,NONE,1,008,MBOT,QADCP,VADCP,-2720,783,8370,-0.32,UNSP,UNSP,UNSP,UNSP,UNSP,UNSP,UNSP,
USGS,11455315,515,2022-08-04 08:54:25,PST,Yes,HRABAS/EDUBE,USGS,5.77,-2510,Unspecified,,,,NONE,1,009,MBOT,QADCP,VADCP,-2510,782,8470,-0.30,UNSP,UNSP,UNSP,UNSP,UNSP,UNSP,UNSP,
USGS,11455315,516,2022-10-03 12:37:48,PST,Yes,EDUBER/NSOED,USGS,5.99,-404,Unspecified,,,,NONE,1,001,RC,QADCP,VADCP,-404,750,8460,-0.05,SOFT,silt,EVEN,STDY,EVEN,UNKN,DNST,25.00
USGS,11455315,517,2022-10-03 12:42:41,PST,Yes,EDUBER/NSOED,USGS,5.98,169,Unspecified,,,,NONE,1,002,RC,QADCP,VADCP,169,751,8460,0.02,UNSP,UNSP,UNSP,UNSP,UNSP,UNSP,UNSP,
USGS,11455315,518,2022-10-03 12:47:25,PST,Yes,EDUBER/NSOED,USGS,5.97,491,Unspecified,,,,NONE,1,003,RC,QADCP,VADCP,491,753,8460,0.06,UNSP,UNSP,UNSP,UNSP,UNSP,UNSP,UNSP,
USGS,11455315,519,2022-10-03 12:52:00,PST,Yes,EDUBER/NSOED,USGS,5.95,912,Unspecified,,,,NONE,1,004,RC,QADCP,VADCP,912,743,8400,0.11,UNSP,UNSP,UNSP,UNSP,UNSP,UNSP,UNSP,
USGS,11455315,520,2022-10-03 12:57:30,PST,Yes,EDUBER/NSOED,USGS,5.94,1210,Unspecified,,,,NONE,1,005,RC,QADCP,VADCP,1210,753,8460,0.14,UNSP,UNSP,UNSP,UNSP,UNSP,UNSP,UNSP,
USGS,11455315,521,2022-10-03 13:02:28,PST,Yes,EDUBER/NSOED,USGS,5.93,1560,Unspecified,,,,NONE,1,006,RC,QADCP,VADCP,1560,759,8380,0.19,UNSP,UNSP,UNSP,UNSP,UNSP,UNSP,UNSP,
USGS,11455315,522,2022-10-03 13:07:06,PST,Yes,EDUBER/NSOED,USGS,5.91,1960,Unspecified,,,,NONE,1,007,RC,QADCP,VADCP,1960,746,8370,0.24,UNSP,UNSP,UNSP,UNSP,UNSP,UNSP,UNSP,
USGS,11455315,523,2022-10-03 13:11:48,PST,Yes,EDUBER/NSOED,USGS,5.89,2380,Unspecified,,,,NONE,1,008,RC,QADCP,VADCP,2380,757,8440,0.28,UNSP,UNSP,UNSP,UNSP,UNSP,UNSP,UNSP,
USGS,11455315,524,2022-10-03 13:22:40,PST,Yes,EDUBER/NSOED,USGS,5.83,2900,Unspecified,,,,NONE,1,009,RC,QADCP,VADCP,2900,753,8370,0.35,UNSP,UNSP,UNSP,UNSP,UNSP,UNSP,UNSP,
USGS,11455315,525,2022-10-03 13:27:45,PST,Yes,EDUBER/NSOED,USGS,5.81,2870,Unspecified,,,,NONE,1,010,RC,QADCP,VADCP,2870,756,8330,0.34,UNSP,UNSP,UNSP,UNSP,UNSP,UNSP,UNSP,
USGS,11455315,526,2022-11-22 13:10:54,PST,Yes,EDUBER/NSOED,USGS,5.91,-9250,Unspecified,,,,NONE,1,001,RC,QADCP,VADCP,-9250,762,8500,-1.09,SOFT,silt,EVEN,PULS,EVEN,UNKN,DNST,20.00
USGS,11455315,527,2022-11-22 13:16:26,PST,Yes,EDUBER/NSOED,USGS,5.97,-8600,Unspecified,,,,NONE,1,002,RC,QADCP,VADCP,-8600,764,8590,-1.00,UNSP,UNSP,UNSP,UNSP,UNSP,UNSP,UNSP,
USGS,11455315,528,2022-11-22 13:21:47,PST,Yes,EDUBER/NSOED,USGS,6.01,-9270,Unspecified,,,,NONE,1,003,RC,QADCP,VADCP,-9270,762,8560,-1.08,UNSP,UNSP,UNSP,UNSP,UNSP,UNSP,UNSP,
USGS,11455315,529,2022-11-22 13:27:02,PST,Yes,EDUBER/NSOED,USGS,6.06,-8940,Unspecified,,,,NONE,1,004,RC,QADCP,VADCP,-8940,767,8680,-1.03,UNSP,UNSP,UNSP,UNSP,UNSP,UNSP,UNSP,
USGS,11455315,530,2022-11-22 13:32:31,PST,Yes,EDUBER/NSOED,USGS,6.10,-8320,Unspecified,,,,NONE,1,005,RC,QADCP,VADCP,-8320,760,8600,-0.97,UNSP,UNSP,UNSP,UNSP,UNSP,UNSP,UNSP,
USGS,11455315,531,2022-11-22 13:38:09,PST,Yes,EDUBER/NSOED,USGS,6.15,-8130,Unspecified,,,,NONE,1,006,RC,QADCP,VADCP,-8130,765,8670,-0.94,UNSP,UNSP,UNSP,UNSP,UNSP,UNSP,UNSP,
USGS,11455315,532,2023-01-07 10:57:15,PST,Yes,JEHATFIELD/E,USGS,5.82,-758,Unspecified,,,,NONE,1,001,MBOT,QADCP,VADCP,-758,777,7910,-0.10,SOFT,silt,EVEN,STDY,UNEV,UNKN,DNST,25.00
USGS,11455315,533,2023-01-07 11:01:48,PST,Yes,JEHATFIELD/E,USGS,5.84,-1590,Unspecified,,,,NONE,1,002,MBOT,QADCP,VADCP,-1590,753,9640,-0.16,UNSP,UNSP,UNSP,UNSP,UNSP,UNSP,UNSP,
